,TD_SEQ_UPa,TD_SEQ_DNa
0,,
1,,
2,,
3,,
4,1.0,
5,2.0,
6,3.0,
7,4.0,
8,5.0,
9,,1.0
10,,2.0
11,1.0,
12,2.0,
13,3.0,
14,4.0,
15,5.0,
16,6.0,
17,7.0,
18,8.0,
19,9.0,
20,10.0,
21,,1.0
22,1.0,
23,,1.0
24,,2.0
25,,3.0
26,,4.0
27,,5.0
28,1.0,
29,,1.0
30,,2.0
31,1.0,
32,,1.0
33,1.0,
34,2.0,
35,3.0,
36,4.0,
37,5.0,
38,6.0,
39,,1.0
40,,2.0
41,,3.0
42,,4.0
43,,5.0
44,,6.0
45,,7.0
46,,8.0
47,,9.0
48,,10.0
49,,11.0
50,1.0,
51,2.0,
52,3.0,
53,,1.0
54,,2.0
55,,3.0
56,,4.0
57,,5.0
58,,6.0
59,,7.0
60,,8.0
61,,9.0
62,,10.0
63,,11.0
64,,12.0
65,,13.0
66,1.0,
67,2.0,
68,3.0,
69,4.0,
70,5.0,
71,6.0,
72,7.0,
73,8.0,
74,,1.0
75,,2.0
76,,3.0
77,,4.0
78,,5.0
79,1.0,
80,2.0,
81,3.0,
82,4.0,
83,,1.0
84,,2.0
85,,3.0
86,,4.0
87,,5.0
88,,6.0
89,,7.0
90,,8.0
91,,9.0
92,,10.0
93,,11.0
94,,12.0
95,,13.0
96,,13.0
97,,13.0
98,,13.0
99,1.0,
100,2.0,
101,3.0,
102,4.0,
103,,1.0
104,,2.0
105,,3.0
106,1.0,
107,2.0,
108,3.0,
109,4.0,
110,5.0,
111,6.0,
112,7.0,
113,8.0,
114,9.0,
115,,1.0
116,,2.0
117,,3.0
118,1.0,
119,2.0,
120,3.0,
121,4.0,
122,5.0,
123,6.0,
124,7.0,
125,8.0,
126,9.0,
127,10.0,
128,11.0,
129,12.0,
130,,1.0
131,,2.0
132,,3.0
133,1.0,
134,2.0,
135,3.0,
136,4.0,
137,5.0,
138,,1.0
139,,2.0
140,,3.0
141,,4.0
142,,5.0
143,,6.0
144,1.0,
145,2.0,
146,3.0,
147,4.0,
148,5.0,
149,6.0,
150,,1.0
151,,2.0
152,,3.0
153,,4.0
154,,5.0
155,,6.0
156,,7.0
157,,8.0
158,,9.0
159,,10.0
160,1.0,
161,2.0,
162,3.0,
163,4.0,
164,5.0,
165,6.0,
166,7.0,
167,8.0,
168,9.0,
169,10.0,
170,11.0,
171,12.0,
172,13.0,
173,,1.0
174,,2.0
175,,3.0
176,1.0,
177,2.0,
178,3.0,
179,4.0,
180,5.0,
181,6.0,
182,7.0,
183,8.0,
184,9.0,
185,10.0,
186,11.0,
187,12.0,
188,13.0,
189,13.0,
190,13.0,
191,,1.0
192,1.0,
193,2.0,
194,3.0,
195,4.0,
196,5.0,
197,6.0,
198,,1.0
199,,2.0
200,1.0,
201,2.0,
202,3.0,
203,4.0,
204,5.0,
205,6.0,
206,7.0,
207,8.0,
208,9.0,
209,10.0,
210,11.0,
211,12.0,
212,13.0,
213,13.0,
214,13.0,
215,13.0,
216,13.0,
217,13.0,
218,,1.0
219,,2.0
220,,3.0
221,,4.0
222,,5.0
223,,6.0
224,1.0,
225,2.0,
226,3.0,
227,,1.0
228,,2.0
229,,3.0
230,,4.0
231,,5.0
232,,6.0
233,,7.0
234,,8.0
235,1.0,
236,2.0,
237,3.0,
238,4.0,
239,5.0,
240,6.0,
241,7.0,
242,8.0,
243,9.0,
244,10.0,
245,11.0,
246,,1.0
247,1.0,
248,,1.0
249,1.0,
250,,1.0
251,,2.0
252,,3.0
253,,4.0
254,,5.0
255,,6.0
256,,7.0
257,,8.0
258,,9.0
259,,10.0
260,,11.0
261,,12.0
262,,13.0
263,1.0,
264,2.0,
265,3.0,
266,,1.0
267,,2.0
268,,3.0
269,,4.0
270,1.0,
271,,1.0
272,1.0,
273,2.0,
274,3.0,
275,4.0,
276,5.0,
277,,1.0
278,,2.0
279,,3.0
280,,4.0
281,,5.0
282,1.0,
283,2.0,
284,3.0,
285,4.0,
286,,1.0
287,,2.0
288,,3.0
289,,4.0
290,1.0,
291,,1.0
292,1.0,
293,,1.0
294,,2.0
295,,3.0
296,,4.0
297,,5.0
298,,6.0
299,1.0,
300,2.0,
301,,1.0
302,,2.0
303,,3.0
304,,4.0
305,,5.0
306,1.0,
307,2.0,
308,,1.0
309,1.0,
310,2.0,
311,3.0,
312,4.0,
313,5.0,
314,6.0,
315,7.0,
316,,1.0
317,,2.0
318,,3.0
319,,4.0
320,1.0,
321,,1.0
322,1.0,
323,2.0,
324,3.0,
325,4.0,
326,5.0,
327,6.0,
328,,1.0
329,1.0,
330,,1.0
331,1.0,
332,2.0,
333,3.0,
334,4.0,
335,5.0,
336,6.0,
337,,1.0
338,,2.0
339,,3.0
340,1.0,
341,2.0,
342,3.0,
343,4.0,
344,,1.0
345,,2.0
346,,3.0
347,,4.0
348,1.0,
349,2.0,
350,,1.0
351,1.0,
352,2.0,
353,,1.0
354,1.0,
355,2.0,
356,,1.0
357,1.0,
358,2.0,
359,3.0,
360,4.0,
361,,1.0
362,1.0,
363,,1.0
364,1.0,
365,2.0,
366,3.0,
367,4.0,
368,5.0,
369,6.0,
370,7.0,
371,8.0,
372,9.0,
373,,1.0
374,,2.0
375,,3.0
376,1.0,
377,2.0,
378,3.0,
379,,1.0
380,,2.0
381,,3.0
382,,4.0
383,,5.0
384,,6.0
385,,7.0
386,,8.0
387,,9.0
388,,10.0
389,,11.0
390,,12.0
391,1.0,
392,2.0,
393,,1.0
394,1.0,
395,2.0,
396,3.0,
397,4.0,
398,,1.0
399,,2.0
400,1.0,
401,2.0,
402,3.0,
403,4.0,
404,,1.0
405,,2.0
406,,3.0
407,,4.0
408,,5.0
409,,6.0
410,,7.0
411,,8.0
412,,9.0
413,,10.0
414,,11.0
415,1.0,
416,2.0,
417,3.0,
418,4.0,
419,,1.0
420,,2.0
421,,3.0
422,1.0,
423,2.0,
424,3.0,
425,4.0,
426,5.0,
427,6.0,
428,,1.0
429,,2.0
430,,3.0
431,,4.0
432,1.0,
433,2.0,
434,3.0,
435,4.0,
436,5.0,
437,,1.0
438,1.0,
439,2.0,
440,3.0,
441,4.0,
442,5.0,
443,6.0,
444,,1.0
445,,2.0
446,,3.0
447,,4.0
448,1.0,
449,2.0,
450,3.0,
451,4.0,
452,,1.0
453,,2.0
454,1.0,
455,2.0,
456,3.0,
457,4.0,
458,5.0,
459,6.0,
460,7.0,
461,8.0,
462,9.0,
463,10.0,
464,11.0,
465,12.0,
466,13.0,
467,13.0,
468,13.0,
469,,1.0
470,1.0,
471,2.0,
472,3.0,
473,4.0,
474,5.0,
475,6.0,
476,,1.0
477,,2.0
478,1.0,
479,2.0,
480,3.0,
481,4.0,
482,5.0,
483,,1.0
484,1.0,
485,2.0,
486,3.0,
487,4.0,
488,5.0,
489,6.0,
490,7.0,
491,8.0,
492,9.0,
493,10.0,
494,11.0,
495,,1.0
496,1.0,
497,2.0,
498,3.0,
499,4.0,
500,,1.0
501,,2.0
502,,3.0
503,,4.0
504,,5.0
505,1.0,
506,2.0,
507,3.0,
508,,1.0
509,1.0,
510,,1.0
511,1.0,
512,2.0,
513,3.0,
514,4.0,
515,5.0,
516,6.0,
517,7.0,
518,8.0,
519,9.0,
520,,1.0
521,,2.0
522,,3.0
523,,4.0
524,,5.0
525,,6.0
526,,7.0
527,,8.0
528,,9.0
529,,10.0
530,1.0,
531,2.0,
532,3.0,
533,,1.0
534,,2.0
535,,3.0
536,,4.0
537,,5.0
538,,6.0
539,1.0,
540,2.0,
541,3.0,
542,4.0,
543,,1.0
544,,2.0
545,1.0,
546,,1.0
547,1.0,
548,,1.0
549,,2.0
550,,3.0
551,,4.0
552,,5.0
553,,6.0
554,,7.0
555,1.0,
556,2.0,
557,3.0,
558,4.0,
559,5.0,
560,6.0,
561,7.0,
562,8.0,
563,9.0,
564,10.0,
565,11.0,
566,12.0,
567,13.0,
568,13.0,
569,,1.0
570,1.0,
571,,1.0
572,,2.0
573,,3.0
574,1.0,
575,2.0,
576,3.0,
577,4.0,
578,5.0,
579,6.0,
580,7.0,
581,8.0,
582,,1.0
583,,2.0
584,,3.0
585,,4.0
586,,5.0
587,1.0,
588,,1.0
589,,2.0
590,,3.0
591,,4.0
592,,5.0
593,,6.0
594,,7.0
595,1.0,
596,,1.0
597,1.0,
598,2.0,
599,,1.0
600,,2.0
601,,3.0
602,,4.0
603,,5.0
604,,6.0
605,1.0,
606,2.0,
607,3.0,
608,4.0,
609,,1.0
610,,2.0
611,,3.0
612,1.0,
613,2.0,
614,3.0,
615,4.0,
616,5.0,
617,6.0,
618,7.0,
619,,1.0
620,,2.0
621,,3.0
622,,4.0
623,,5.0
624,,6.0
625,,7.0
626,,8.0
627,,9.0
628,1.0,
629,2.0,
630,,1.0
631,,2.0
632,,3.0
633,,4.0
634,,5.0
635,,6.0
636,,7.0
637,,8.0
638,,9.0
639,,10.0
640,1.0,
641,2.0,
642,,1.0
643,,2.0
644,,3.0
645,,4.0
646,1.0,
647,,1.0
648,1.0,
649,,1.0
650,,2.0
651,,3.0
652,,4.0
653,,5.0
654,,6.0
655,,7.0
656,1.0,
657,2.0,
658,3.0,
659,4.0,
660,,1.0
661,,2.0
662,,3.0
663,,4.0
664,,5.0
665,,6.0
666,1.0,
667,2.0,
668,3.0,
669,4.0,
670,,1.0
671,,2.0
672,,3.0
673,,4.0
674,1.0,
675,2.0,
676,3.0,
677,,1.0
678,,2.0
679,,3.0
680,,4.0
681,,5.0
682,,6.0
683,,7.0
684,1.0,
685,2.0,
686,3.0,
687,4.0,
688,5.0,
689,6.0,
690,,1.0
691,,2.0
692,,3.0
693,,4.0
694,1.0,
695,2.0,
696,3.0,
697,4.0,
698,,1.0
699,,2.0
700,1.0,
701,2.0,
702,3.0,
703,4.0,
704,5.0,
705,6.0,
706,7.0,
707,8.0,
708,9.0,
709,10.0,
710,11.0,
711,,1.0
712,1.0,
713,2.0,
714,3.0,
715,4.0,
716,,1.0
717,,2.0
718,,3.0
719,,4.0
720,,5.0
721,,6.0
722,,7.0
723,1.0,
724,2.0,
725,3.0,
726,4.0,
727,5.0,
728,,1.0
729,,2.0
730,1.0,
731,2.0,
732,3.0,
733,4.0,
734,5.0,
735,,1.0
736,,2.0
737,,3.0
738,,4.0
739,,5.0
740,,6.0
741,,7.0
742,,8.0
743,,9.0
744,,10.0
745,,11.0
746,,12.0
747,,13.0
748,1.0,
749,,1.0
750,,2.0
751,,3.0
752,,4.0
753,,5.0
754,1.0,
755,,1.0
756,,2.0
757,1.0,
758,,1.0
759,,2.0
760,,3.0
761,1.0,
762,2.0,
763,3.0,
764,4.0,
765,,1.0
766,,2.0
767,,3.0
768,1.0,
769,2.0,
770,,1.0
771,,2.0
772,,3.0
773,,4.0
774,,5.0
775,1.0,
776,,1.0
777,1.0,
778,2.0,
779,3.0,
780,4.0,
781,,1.0
782,,2.0
783,,3.0
784,1.0,
785,,1.0
786,,2.0
787,,3.0
788,,4.0
789,,5.0
790,,6.0
791,,7.0
792,,8.0
793,,9.0
794,,10.0
795,1.0,
796,,1.0
797,1.0,
798,2.0,
799,3.0,
800,4.0,
801,5.0,
802,6.0,
803,7.0,
804,,1.0
805,,2.0
806,1.0,
807,,1.0
808,1.0,
809,2.0,
810,,1.0
811,,2.0
812,,3.0
813,1.0,
814,2.0,
815,3.0,
816,4.0,
817,,1.0
818,1.0,
819,2.0,
820,3.0,
821,4.0,
822,5.0,
823,6.0,
824,7.0,
825,,1.0
826,,2.0
827,,3.0
828,,4.0
829,,5.0
830,1.0,
831,,1.0
832,,2.0
833,,3.0
834,1.0,
835,,1.0
836,,2.0
837,1.0,
838,2.0,
839,3.0,
840,4.0,
841,5.0,
842,,1.0
843,,2.0
844,,3.0
845,,4.0
846,1.0,
847,2.0,
848,,1.0
849,1.0,
850,,1.0
851,,2.0
852,1.0,
853,2.0,
854,3.0,
855,4.0,
856,5.0,
857,6.0,
858,,1.0
859,,2.0
860,,3.0
861,,4.0
862,,5.0
863,,6.0
864,,7.0
865,,8.0
866,,9.0
867,,10.0
868,,11.0
869,,12.0
870,,13.0
871,,13.0
872,,13.0
873,,13.0
874,,13.0
875,1.0,
876,2.0,
877,3.0,
878,4.0,
879,5.0,
880,,1.0
881,,2.0
882,,3.0
883,,4.0
884,,5.0
885,1.0,
886,2.0,
887,3.0,
888,4.0,
889,5.0,
890,6.0,
891,,1.0
892,,2.0
893,,3.0
894,,4.0
895,1.0,
896,2.0,
897,3.0,
898,4.0,
899,5.0,
900,6.0,
901,7.0,
902,8.0,
903,,1.0
904,,2.0
905,,3.0
906,,4.0
907,,5.0
908,,6.0
909,1.0,
910,,1.0
911,1.0,
912,2.0,
913,3.0,
914,4.0,
915,5.0,
916,6.0,
917,7.0,
918,,1.0
919,,2.0
920,,3.0
921,,4.0
922,1.0,
923,2.0,
924,,1.0
925,,2.0
926,1.0,
927,2.0,
928,3.0,
929,4.0,
930,5.0,
931,6.0,
932,7.0,
933,8.0,
934,9.0,
935,10.0,
936,11.0,
937,12.0,
938,13.0,
939,13.0,
940,13.0,
941,13.0,
942,13.0,
943,13.0,
944,13.0,
945,13.0,
946,13.0,
947,13.0,
948,13.0,
949,13.0,
950,13.0,
951,13.0,
952,,1.0
953,,2.0
954,,3.0
955,,4.0
956,1.0,
957,,1.0
958,1.0,
959,2.0,
960,,1.0
961,,2.0
962,,3.0
963,1.0,
964,2.0,
965,3.0,
966,4.0,
967,5.0,
968,6.0,
969,7.0,
970,,1.0
971,,2.0
972,,3.0
973,,4.0
974,,5.0
975,,6.0
976,,7.0
977,1.0,
978,2.0,
979,3.0,
980,,1.0
981,,2.0
982,1.0,
983,,1.0
984,,2.0
985,,3.0
986,,4.0
987,,5.0
988,1.0,
989,2.0,
990,3.0,
991,4.0,
992,5.0,
993,6.0,
994,,1.0
995,,2.0
996,1.0,
997,2.0,
998,3.0,
999,,1.0
1000,,2.0
1001,,3.0
1002,,4.0
1003,,5.0
1004,,6.0
1005,,7.0
1006,,8.0
1007,1.0,
1008,2.0,
1009,3.0,
1010,4.0,
1011,,1.0
1012,1.0,
1013,,1.0
1014,1.0,
1015,2.0,
1016,3.0,
1017,4.0,
1018,5.0,
1019,6.0,
1020,7.0,
1021,8.0,
1022,9.0,
1023,,1.0
1024,,2.0
1025,,3.0
1026,,4.0
1027,,5.0
1028,,6.0
1029,,7.0
1030,1.0,
1031,2.0,
1032,3.0,
1033,4.0,
1034,5.0,
1035,,1.0
1036,,2.0
1037,,3.0
1038,,4.0
1039,,5.0
1040,1.0,
1041,2.0,
1042,3.0,
1043,4.0,
1044,5.0,
1045,6.0,
1046,7.0,
1047,8.0,
1048,,1.0
1049,,2.0
1050,,3.0
1051,,4.0
1052,,5.0
1053,,6.0
1054,1.0,
1055,2.0,
1056,,1.0
1057,,2.0
1058,1.0,
1059,,1.0
1060,1.0,
1061,2.0,
1062,3.0,
1063,4.0,
1064,5.0,
1065,,1.0
1066,,2.0
1067,,3.0
1068,,4.0
1069,,5.0
1070,1.0,
1071,2.0,
1072,3.0,
1073,4.0,
1074,,1.0
1075,,2.0
1076,,3.0
1077,,4.0
1078,,5.0
1079,,6.0
1080,,7.0
1081,,8.0
1082,1.0,
1083,,1.0
1084,1.0,
1085,2.0,
1086,3.0,
1087,4.0,
1088,5.0,
1089,,1.0
1090,1.0,
1091,2.0,
1092,3.0,
1093,4.0,
1094,5.0,
1095,6.0,
1096,7.0,
1097,8.0,
1098,9.0,
1099,,1.0
1100,,2.0
1101,,3.0
1102,1.0,
1103,2.0,
1104,3.0,
1105,4.0,
1106,5.0,
1107,,1.0
1108,,2.0
1109,,3.0
1110,1.0,
1111,2.0,
1112,,1.0
1113,1.0,
1114,2.0,
1115,3.0,
1116,4.0,
1117,5.0,
1118,6.0,
1119,7.0,
1120,8.0,
1121,9.0,
1122,10.0,
1123,11.0,
1124,12.0,
1125,13.0,
1126,,1.0
1127,,2.0
1128,,3.0
1129,,4.0
1130,,5.0
1131,,6.0
1132,1.0,
1133,,1.0
1134,,2.0
1135,,3.0
1136,,4.0
1137,1.0,
1138,2.0,
1139,3.0,
1140,4.0,
1141,,1.0
1142,,2.0
1143,,3.0
1144,,4.0
1145,1.0,
1146,2.0,
1147,3.0,
1148,4.0,
1149,5.0,
1150,,1.0
1151,,2.0
1152,,3.0
1153,,4.0
1154,,5.0
1155,,6.0
1156,,7.0
1157,,8.0
1158,,9.0
1159,,10.0
1160,,11.0
1161,1.0,
1162,2.0,
1163,3.0,
1164,4.0,
1165,5.0,
1166,6.0,
1167,7.0,
1168,8.0,
1169,,1.0
1170,,2.0
1171,,3.0
1172,,4.0
1173,1.0,
1174,2.0,
1175,3.0,
1176,,1.0
1177,,2.0
1178,,3.0
1179,,4.0
1180,1.0,
1181,2.0,
1182,3.0,
1183,4.0,
1184,,1.0
1185,,2.0
1186,1.0,
1187,2.0,
1188,3.0,
1189,4.0,
1190,5.0,
1191,6.0,
1192,7.0,
1193,,1.0
1194,1.0,
1195,2.0,
1196,3.0,
1197,4.0,
1198,5.0,
1199,,1.0
1200,,2.0
1201,,3.0
1202,,4.0
1203,,5.0
1204,,6.0
1205,,7.0
1206,1.0,
1207,,1.0
1208,1.0,
1209,2.0,
1210,3.0,
1211,4.0,
1212,5.0,
1213,6.0,
1214,7.0,
1215,8.0,
1216,9.0,
1217,10.0,
1218,,1.0
1219,,2.0
1220,,3.0
1221,1.0,
1222,2.0,
1223,3.0,
1224,4.0,
1225,5.0,
1226,6.0,
1227,,1.0
1228,1.0,
1229,2.0,
1230,3.0,
1231,4.0,
1232,,1.0
1233,1.0,
1234,2.0,
1235,3.0,
1236,4.0,
1237,5.0,
1238,6.0,
1239,7.0,
1240,8.0,
1241,9.0,
1242,10.0,
1243,11.0,
1244,,1.0
1245,1.0,
1246,2.0,
1247,,1.0
1248,1.0,
1249,,1.0
1250,1.0,
1251,2.0,
1252,,1.0
1253,,2.0
1254,,3.0
1255,,4.0
1256,1.0,
1257,,1.0
1258,,2.0
1259,,3.0
1260,,4.0
1261,1.0,
1262,2.0,
1263,3.0,
1264,4.0,
1265,,1.0
1266,,2.0
1267,,3.0
1268,,4.0
1269,,5.0
1270,,6.0
1271,,7.0
1272,,8.0
1273,,9.0
1274,,10.0
1275,1.0,
1276,,1.0
1277,1.0,
1278,,1.0
1279,,2.0
1280,1.0,
1281,2.0,
1282,3.0,
1283,,1.0
1284,,2.0
1285,,3.0
1286,,4.0
1287,,5.0
1288,,6.0
1289,,7.0
1290,1.0,
1291,2.0,
1292,3.0,
1293,4.0,
1294,5.0,
1295,6.0,
1296,7.0,
1297,8.0,
1298,9.0,
1299,10.0,
1300,,1.0
1301,,2.0
1302,1.0,
1303,2.0,
1304,3.0,
1305,4.0,
1306,5.0,
1307,6.0,
1308,7.0,
1309,8.0,
1310,9.0,
1311,10.0,
1312,11.0,
1313,12.0,
1314,13.0,
1315,13.0,
1316,13.0,
1317,13.0,
1318,13.0,
1319,13.0,
1320,13.0,
1321,13.0,
1322,,1.0
1323,1.0,
1324,,1.0
1325,,2.0
1326,,3.0
1327,,4.0
1328,,5.0
1329,,6.0
1330,1.0,
1331,2.0,
1332,3.0,
1333,4.0,
1334,5.0,
1335,6.0,
1336,7.0,
1337,,1.0
1338,,2.0
1339,,3.0
1340,,4.0
1341,,5.0
1342,,6.0
1343,,7.0
1344,,8.0
1345,,9.0
1346,1.0,
1347,2.0,
1348,3.0,
1349,4.0,
1350,5.0,
1351,6.0,
1352,7.0,
1353,8.0,
1354,,1.0
1355,,2.0
1356,,3.0
1357,1.0,
1358,,1.0
1359,,2.0
1360,1.0,
1361,2.0,
1362,3.0,
1363,4.0,
1364,5.0,
1365,6.0,
1366,7.0,
1367,8.0,
1368,9.0,
1369,10.0,
1370,,1.0
1371,1.0,
1372,2.0,
1373,3.0,
1374,4.0,
1375,5.0,
1376,6.0,
1377,7.0,
1378,8.0,
1379,9.0,
1380,10.0,
1381,11.0,
1382,12.0,
1383,,1.0
1384,,2.0
1385,,3.0
1386,,4.0
1387,,5.0
1388,,6.0
1389,,7.0
1390,1.0,
1391,2.0,
1392,3.0,
1393,4.0,
1394,5.0,
1395,,1.0
1396,1.0,
1397,2.0,
1398,3.0,
1399,4.0,
1400,,1.0
1401,,2.0
1402,,3.0
1403,,4.0
1404,1.0,
1405,2.0,
1406,3.0,
1407,4.0,
1408,5.0,
1409,6.0,
1410,7.0,
1411,8.0,
1412,9.0,
1413,10.0,
1414,11.0,
1415,12.0,
1416,13.0,
1417,13.0,
1418,,1.0
1419,,2.0
1420,,3.0
1421,,4.0
1422,1.0,
1423,2.0,
1424,3.0,
1425,4.0,
1426,5.0,
1427,6.0,
1428,7.0,
1429,8.0,
1430,9.0,
1431,,1.0
1432,1.0,
1433,,1.0
1434,,2.0
1435,,3.0
1436,,4.0
1437,1.0,
1438,,1.0
1439,,2.0
1440,,3.0
1441,,4.0
1442,1.0,
1443,2.0,
1444,3.0,
1445,,1.0
1446,,2.0
1447,,3.0
1448,,4.0
1449,,5.0
1450,,6.0
1451,,7.0
1452,,8.0
1453,,9.0
1454,1.0,
1455,2.0,
1456,3.0,
1457,4.0,
1458,5.0,
1459,6.0,
1460,7.0,
1461,8.0,
1462,,1.0
1463,1.0,
1464,2.0,
1465,3.0,
1466,,1.0
1467,,2.0
1468,,3.0
1469,1.0,
1470,2.0,
1471,3.0,
1472,4.0,
1473,5.0,
1474,,1.0
1475,,2.0
1476,,3.0
1477,,4.0
1478,,5.0
1479,1.0,
1480,2.0,
1481,3.0,
1482,4.0,
1483,5.0,
1484,6.0,
1485,,1.0
1486,1.0,
1487,2.0,
1488,3.0,
1489,4.0,
1490,,1.0
1491,,2.0
1492,,3.0
1493,,4.0
1494,,5.0
1495,,6.0
1496,,7.0
1497,1.0,
1498,2.0,
1499,3.0,
1500,4.0,
1501,5.0,
1502,6.0,
1503,7.0,
1504,8.0,
1505,9.0,
1506,10.0,
1507,11.0,
1508,12.0,
1509,13.0,
1510,13.0,
1511,13.0,
1512,13.0,
1513,13.0,
1514,13.0,
1515,13.0,
1516,13.0,
1517,13.0,
1518,13.0,
1519,13.0,
1520,13.0,
1521,,1.0
1522,1.0,
1523,2.0,
1524,3.0,
1525,4.0,
1526,5.0,
1527,6.0,
1528,,1.0
1529,,2.0
1530,,3.0
1531,,4.0
1532,,5.0
1533,1.0,
1534,2.0,
1535,3.0,
1536,4.0,
1537,5.0,
1538,,1.0
1539,,2.0
1540,,3.0
1541,,4.0
1542,,5.0
1543,1.0,
1544,2.0,
1545,3.0,
1546,4.0,
1547,5.0,
1548,6.0,
1549,7.0,
1550,8.0,
1551,9.0,
1552,10.0,
1553,11.0,
1554,,1.0
1555,1.0,
1556,,1.0
1557,1.0,
1558,2.0,
1559,,1.0
1560,,2.0
1561,,3.0
1562,,4.0
1563,,5.0
1564,,6.0
1565,,7.0
1566,,8.0
1567,,9.0
1568,,10.0
1569,1.0,
1570,,1.0
1571,,2.0
1572,,3.0
1573,,4.0
1574,1.0,
1575,2.0,
1576,,1.0
1577,,2.0
1578,1.0,
1579,2.0,
1580,3.0,
1581,4.0,
1582,5.0,
1583,6.0,
1584,7.0,
1585,8.0,
1586,,1.0
1587,,2.0
1588,,3.0
1589,,4.0
1590,,5.0
1591,,6.0
1592,,7.0
1593,,8.0
1594,,9.0
1595,1.0,
1596,2.0,
1597,3.0,
1598,4.0,
1599,,1.0
1600,,2.0
1601,,3.0
1602,,4.0
1603,,5.0
1604,,6.0
1605,1.0,
1606,2.0,
1607,3.0,
1608,4.0,
1609,5.0,
1610,,1.0
1611,1.0,
1612,2.0,
1613,3.0,
1614,4.0,
1615,5.0,
1616,6.0,
1617,7.0,
1618,8.0,
1619,,1.0
1620,,2.0
1621,,3.0
1622,,4.0
1623,,5.0
1624,1.0,
1625,2.0,
1626,3.0,
1627,4.0,
1628,5.0,
1629,6.0,
1630,,1.0
1631,,2.0
1632,,3.0
1633,,4.0
1634,1.0,
1635,,1.0
1636,,2.0
1637,,3.0
1638,,4.0
1639,,5.0
1640,1.0,
1641,,1.0
1642,,2.0
1643,,3.0
1644,,4.0
1645,,5.0
1646,,6.0
1647,,7.0
1648,,8.0
1649,,9.0
1650,,10.0
1651,,11.0
1652,,12.0
1653,,13.0
1654,,13.0
1655,,13.0
1656,,13.0
1657,,13.0
1658,,13.0
1659,1.0,
1660,2.0,
1661,3.0,
1662,4.0,
1663,,1.0
1664,,2.0
1665,,3.0
1666,,4.0
1667,,5.0
1668,,6.0
1669,1.0,
1670,,1.0
1671,,2.0
1672,,3.0
1673,,4.0
1674,,5.0
1675,,6.0
1676,,7.0
1677,,8.0
1678,,9.0
1679,,10.0
1680,1.0,
1681,2.0,
1682,3.0,
1683,4.0,
1684,5.0,
1685,,1.0
1686,1.0,
1687,2.0,
1688,3.0,
1689,4.0,
1690,5.0,
1691,6.0,
1692,,1.0
1693,,2.0
1694,,3.0
1695,,4.0
1696,,5.0
1697,,6.0
1698,,7.0
1699,,8.0
1700,,9.0
1701,,10.0
1702,,11.0
1703,,12.0
1704,,13.0
1705,1.0,
1706,2.0,
1707,3.0,
1708,4.0,
1709,,1.0
1710,,2.0
1711,,3.0
1712,,4.0
1713,,5.0
1714,,6.0
1715,,7.0
1716,,8.0
1717,,9.0
1718,,10.0
1719,,11.0
1720,1.0,
1721,2.0,
1722,3.0,
1723,,1.0
1724,,2.0
1725,1.0,
1726,2.0,
1727,,1.0
1728,1.0,
1729,,1.0
1730,,2.0
1731,,3.0
1732,,4.0
1733,,5.0
1734,,6.0
1735,1.0,
1736,2.0,
1737,,1.0
1738,,2.0
1739,,3.0
1740,,4.0
1741,1.0,
1742,2.0,
1743,3.0,
1744,4.0,
1745,5.0,
1746,,1.0
1747,,2.0
1748,,3.0
1749,,4.0
1750,1.0,
1751,2.0,
1752,3.0,
1753,4.0,
1754,5.0,
1755,6.0,
1756,7.0,
1757,8.0,
1758,9.0,
1759,10.0,
1760,11.0,
1761,12.0,
1762,13.0,
1763,13.0,
1764,13.0,
1765,,1.0
1766,,2.0
1767,,3.0
1768,1.0,
1769,2.0,
1770,3.0,
1771,4.0,
1772,5.0,
1773,6.0,
1774,,1.0
1775,,2.0
1776,,3.0
1777,,4.0
1778,,5.0
1779,,6.0
1780,,7.0
1781,,8.0
1782,,9.0
1783,,10.0
1784,,11.0
1785,,12.0
1786,,13.0
1787,,13.0
1788,,13.0
1789,1.0,
1790,,1.0
1791,,2.0
1792,,3.0
1793,,4.0
1794,,5.0
1795,1.0,
1796,2.0,
1797,3.0,
1798,4.0,
1799,5.0,
1800,,1.0
1801,,2.0
1802,,3.0
1803,1.0,
1804,2.0,
1805,3.0,
1806,4.0,
1807,,1.0
1808,1.0,
1809,2.0,
1810,,1.0
1811,,2.0
1812,,3.0
1813,,4.0
1814,,5.0
1815,,6.0
1816,,7.0
1817,,8.0
1818,,9.0
1819,1.0,
1820,2.0,
1821,3.0,
1822,4.0,
1823,,1.0
1824,,2.0
1825,,3.0
1826,,4.0
1827,,5.0
1828,,6.0
1829,,7.0
1830,,8.0
1831,1.0,
1832,2.0,
1833,,1.0
1834,1.0,
1835,2.0,
1836,3.0,
1837,4.0,
1838,5.0,
1839,6.0,
1840,7.0,
1841,8.0,
1842,9.0,
1843,10.0,
1844,11.0,
1845,12.0,
1846,,1.0
1847,,2.0
1848,,3.0
1849,,4.0
1850,,5.0
1851,,6.0
1852,,7.0
1853,,8.0
1854,1.0,
1855,2.0,
1856,3.0,
1857,4.0,
1858,,1.0
1859,,2.0
1860,,3.0
1861,,4.0
1862,,5.0
1863,1.0,
1864,2.0,
1865,3.0,
1866,4.0,
1867,,1.0
1868,,2.0
1869,,3.0
1870,,4.0
1871,,5.0
1872,1.0,
1873,2.0,
1874,3.0,
1875,4.0,
1876,5.0,
1877,6.0,
1878,7.0,
1879,8.0,
1880,9.0,
1881,10.0,
1882,11.0,
1883,12.0,
1884,13.0,
1885,13.0,
1886,13.0,
1887,13.0,
1888,13.0,
1889,,1.0
1890,,2.0
1891,,3.0
1892,,4.0
1893,1.0,
1894,2.0,
1895,3.0,
1896,4.0,
1897,5.0,
1898,6.0,
1899,7.0,
1900,8.0,
1901,,1.0
1902,,2.0
1903,1.0,
1904,2.0,
1905,3.0,
1906,4.0,
1907,,1.0
1908,1.0,
1909,,1.0
1910,,2.0
1911,,3.0
1912,,4.0
1913,1.0,
1914,2.0,
1915,3.0,
1916,,1.0
1917,,2.0
1918,,3.0
1919,,4.0
1920,,5.0
1921,1.0,
1922,2.0,
1923,,1.0
1924,1.0,
1925,2.0,
1926,3.0,
1927,4.0,
1928,5.0,
1929,6.0,
1930,7.0,
1931,8.0,
1932,,1.0
1933,,2.0
1934,,3.0
1935,,4.0
1936,,5.0
1937,,6.0
1938,1.0,
1939,,1.0
1940,1.0,
1941,2.0,
1942,,1.0
1943,1.0,
1944,2.0,
1945,3.0,
1946,4.0,
1947,5.0,
1948,6.0,
1949,7.0,
1950,8.0,
1951,,1.0
1952,,2.0
1953,1.0,
1954,,1.0
1955,,2.0
1956,,3.0
1957,1.0,
1958,2.0,
1959,3.0,
1960,4.0,
1961,5.0,
1962,6.0,
1963,,1.0
1964,,2.0
1965,,3.0
1966,,4.0
1967,1.0,
1968,2.0,
1969,3.0,
1970,4.0,
1971,,1.0
1972,,2.0
1973,1.0,
1974,2.0,
1975,3.0,
1976,4.0,
1977,5.0,
1978,6.0,
1979,,1.0
1980,1.0,
1981,2.0,
1982,3.0,
1983,4.0,
1984,,1.0
1985,,2.0
1986,,3.0
1987,,4.0
1988,1.0,
1989,2.0,
1990,3.0,
1991,4.0,
1992,5.0,
1993,6.0,
1994,7.0,
1995,8.0,
1996,9.0,
1997,10.0,
1998,11.0,
1999,12.0,
2000,13.0,
2001,,1.0
2002,1.0,
2003,2.0,
2004,,1.0
2005,1.0,
2006,,1.0
2007,,2.0
2008,,3.0
2009,,4.0
2010,,5.0
2011,,6.0
2012,1.0,
2013,2.0,
2014,3.0,
2015,4.0,
2016,5.0,
2017,6.0,
2018,,1.0
2019,1.0,
2020,2.0,
2021,3.0,
2022,4.0,
2023,5.0,
2024,6.0,
2025,7.0,
2026,,1.0
2027,1.0,
2028,2.0,
2029,3.0,
2030,4.0,
2031,,1.0
2032,,2.0
2033,,3.0
2034,,4.0
2035,,5.0
2036,,6.0
2037,1.0,
2038,,1.0
2039,1.0,
2040,2.0,
2041,3.0,
2042,4.0,
2043,5.0,
2044,6.0,
2045,7.0,
2046,,1.0
2047,,2.0
2048,,3.0
2049,,4.0
2050,1.0,
2051,2.0,
2052,,1.0
2053,,2.0
2054,,3.0
2055,1.0,
2056,2.0,
2057,3.0,
2058,4.0,
2059,5.0,
2060,6.0,
2061,,1.0
2062,1.0,
2063,2.0,
2064,3.0,
2065,,1.0
2066,,2.0
2067,,3.0
2068,,4.0
2069,,5.0
2070,,6.0
2071,,7.0
2072,,8.0
2073,,9.0
2074,,10.0
2075,,11.0
2076,,12.0
2077,,13.0
2078,,13.0
2079,,13.0
2080,,13.0
2081,,13.0
2082,1.0,
2083,2.0,
2084,3.0,
2085,4.0,
2086,,1.0
2087,,2.0
2088,,3.0
2089,,4.0
2090,,5.0
2091,1.0,
2092,2.0,
2093,3.0,
2094,4.0,
2095,,1.0
2096,1.0,
2097,2.0,
2098,3.0,
2099,4.0,
2100,5.0,
2101,,1.0
2102,,2.0
2103,,3.0
2104,,4.0
2105,,5.0
2106,,6.0
2107,,7.0
2108,,8.0
2109,1.0,
2110,,1.0
2111,,2.0
2112,,3.0
2113,,4.0
2114,,5.0
2115,,6.0
2116,1.0,
2117,2.0,
2118,,1.0
2119,,2.0
2120,,3.0
2121,,4.0
2122,1.0,
2123,2.0,
2124,3.0,
2125,,1.0
2126,,2.0
2127,,3.0
2128,1.0,
2129,,1.0
2130,,2.0
2131,1.0,
2132,,1.0
2133,,2.0
2134,1.0,
2135,,1.0
2136,,2.0
2137,1.0,
2138,2.0,
2139,3.0,
2140,4.0,
2141,5.0,
2142,,1.0
2143,1.0,
2144,2.0,
2145,,1.0
2146,1.0,
2147,2.0,
2148,3.0,
2149,4.0,
2150,5.0,
2151,6.0,
2152,7.0,
2153,,1.0
2154,,2.0
2155,,3.0
2156,,4.0
2157,,5.0
2158,,6.0
2159,,7.0
2160,,8.0
2161,,9.0
2162,,10.0
2163,1.0,
2164,2.0,
2165,3.0,
2166,4.0,
2167,5.0,
2168,6.0,
2169,,1.0
2170,,2.0
2171,,3.0
2172,,4.0
2173,1.0,
2174,2.0,
2175,3.0,
2176,4.0,
2177,5.0,
2178,,1.0
2179,,2.0
2180,,3.0
2181,,4.0
2182,,5.0
2183,,6.0
2184,,7.0
2185,,8.0
2186,,9.0
2187,1.0,
2188,,1.0
2189,,2.0
2190,,3.0
2191,,4.0
2192,1.0,
2193,,1.0
2194,,2.0
2195,,3.0
2196,,4.0
2197,,5.0
2198,,6.0
2199,,7.0
2200,,8.0
2201,,9.0
2202,,10.0
2203,,11.0
2204,,12.0
2205,,13.0
2206,,13.0
2207,1.0,
2208,2.0,
2209,3.0,
2210,4.0,
2211,,1.0
2212,,2.0
2213,,3.0
2214,,4.0
2215,,5.0
2216,,6.0
2217,1.0,
2218,,1.0
2219,,2.0
2220,,3.0
2221,,4.0
2222,,5.0
2223,,6.0
2224,,7.0
2225,1.0,
2226,2.0,
2227,3.0,
2228,4.0,
2229,5.0,
2230,6.0,
2231,7.0,
2232,8.0,
2233,9.0,
2234,10.0,
2235,11.0,
2236,,1.0
2237,,2.0
2238,,3.0
2239,1.0,
2240,2.0,
2241,,1.0
2242,,2.0
2243,,3.0
2244,1.0,
2245,2.0,
2246,3.0,
2247,4.0,
2248,5.0,
2249,6.0,
2250,7.0,
2251,8.0,
2252,9.0,
2253,,1.0
2254,1.0,
2255,2.0,
2256,3.0,
2257,4.0,
2258,5.0,
2259,6.0,
2260,,1.0
2261,,2.0
2262,1.0,
2263,,1.0
2264,1.0,
2265,2.0,
2266,3.0,
2267,4.0,
2268,5.0,
2269,6.0,
2270,7.0,
2271,8.0,
2272,9.0,
2273,10.0,
2274,11.0,
2275,12.0,
2276,13.0,
2277,13.0,
2278,,1.0
2279,,2.0
2280,,3.0
2281,,4.0
2282,,5.0
2283,,6.0
2284,1.0,
2285,2.0,
2286,3.0,
2287,,1.0
2288,,2.0
2289,,3.0
2290,,4.0
2291,,5.0
2292,1.0,
2293,2.0,
2294,3.0,
2295,,1.0
2296,,2.0
2297,1.0,
2298,2.0,
2299,3.0,
2300,4.0,
2301,5.0,
2302,,1.0
2303,,2.0
2304,,3.0
2305,,4.0
2306,1.0,
2307,2.0,
2308,3.0,
2309,4.0,
2310,5.0,
2311,6.0,
2312,7.0,
2313,8.0,
2314,9.0,
2315,10.0,
2316,11.0,
2317,12.0,
2318,13.0,
2319,13.0,
2320,13.0,
2321,13.0,
2322,13.0,
2323,13.0,
2324,13.0,
2325,13.0,
2326,13.0,
2327,13.0,
2328,13.0,
2329,13.0,
2330,13.0,
2331,13.0,
2332,13.0,
2333,,1.0
2334,,2.0
2335,1.0,
2336,2.0,
2337,3.0,
2338,4.0,
2339,,1.0
2340,,2.0
2341,,3.0
2342,1.0,
2343,,1.0
2344,,2.0
2345,1.0,
2346,,1.0
2347,1.0,
2348,,1.0
2349,,2.0
2350,,3.0
2351,1.0,
2352,2.0,
2353,3.0,
2354,,1.0
2355,1.0,
2356,2.0,
2357,3.0,
2358,4.0,
2359,,1.0
2360,,2.0
2361,,3.0
2362,,4.0
2363,,5.0
2364,,6.0
2365,,7.0
2366,,8.0
2367,,9.0
2368,,10.0
2369,,11.0
2370,,12.0
2371,,13.0
2372,1.0,
2373,2.0,
2374,3.0,
2375,,1.0
2376,,2.0
2377,,3.0
2378,,4.0
2379,,5.0
2380,,6.0
2381,,7.0
2382,,8.0
2383,,9.0
2384,,10.0
2385,,11.0
2386,1.0,
2387,2.0,
2388,3.0,
2389,4.0,
2390,,1.0
2391,,2.0
2392,,3.0
2393,,4.0
2394,,5.0
2395,,6.0
2396,1.0,
2397,2.0,
2398,3.0,
2399,4.0,
2400,,1.0
2401,,2.0
2402,,3.0
2403,,4.0
2404,,5.0
2405,,6.0
2406,,7.0
2407,1.0,
2408,2.0,
2409,,1.0
2410,1.0,
2411,,1.0
2412,1.0,
2413,2.0,
2414,3.0,
2415,4.0,
2416,5.0,
2417,6.0,
2418,,1.0
2419,,2.0
2420,,3.0
2421,,4.0
2422,,5.0
2423,,6.0
2424,,7.0
2425,1.0,
2426,2.0,
2427,3.0,
2428,4.0,
2429,5.0,
2430,6.0,
2431,,1.0
2432,,2.0
2433,1.0,
2434,2.0,
2435,3.0,
2436,4.0,
2437,5.0,
2438,6.0,
2439,7.0,
2440,8.0,
2441,9.0,
2442,,1.0
2443,,2.0
2444,,3.0
2445,,4.0
2446,1.0,
2447,2.0,
2448,3.0,
2449,,1.0
2450,,2.0
2451,,3.0
2452,,4.0
2453,1.0,
2454,2.0,
2455,3.0,
2456,,1.0
2457,,2.0
2458,,3.0
2459,,4.0
2460,,5.0
2461,1.0,
2462,2.0,
2463,3.0,
2464,4.0,
2465,5.0,
2466,6.0,
2467,,1.0
2468,1.0,
2469,2.0,
2470,3.0,
2471,4.0,
2472,,1.0
2473,1.0,
2474,2.0,
2475,3.0,
2476,4.0,
2477,5.0,
2478,6.0,
2479,7.0,
2480,8.0,
2481,,1.0
2482,,2.0
2483,,3.0
2484,,4.0
2485,1.0,
2486,2.0,
2487,3.0,
2488,4.0,
2489,,1.0
2490,1.0,
2491,2.0,
2492,3.0,
2493,4.0,
2494,5.0,
2495,,1.0
2496,,2.0
2497,1.0,
2498,,1.0
2499,,2.0
2500,,3.0
2501,,4.0
2502,1.0,
2503,2.0,
2504,3.0,
2505,4.0,
2506,5.0,
2507,6.0,
2508,7.0,
2509,,1.0
2510,1.0,
2511,2.0,
2512,3.0,
2513,4.0,
2514,5.0,
2515,6.0,
2516,,
2517,,1.0
2518,1.0,
2519,2.0,
2520,,1.0
2521,,2.0
2522,,3.0
2523,,4.0
2524,1.0,
2525,2.0,
2526,3.0,
2527,4.0,
2528,5.0,
2529,,1.0
2530,1.0,
2531,2.0,
2532,3.0,
2533,4.0,
2534,5.0,
2535,6.0,
2536,,1.0
2537,1.0,
2538,2.0,
2539,,1.0
2540,,2.0
2541,,3.0
2542,,4.0
2543,,5.0
2544,1.0,
2545,,1.0
2546,,2.0
2547,,3.0
2548,,4.0
2549,,5.0
2550,,6.0
2551,1.0,
2552,2.0,
2553,3.0,
2554,4.0,
2555,,1.0
2556,,2.0
2557,,3.0
2558,,4.0
2559,,5.0
2560,1.0,
2561,2.0,
2562,3.0,
2563,4.0,
2564,5.0,
2565,6.0,
2566,7.0,
2567,8.0,
2568,9.0,
2569,10.0,
2570,11.0,
2571,12.0,
2572,13.0,
2573,,1.0
2574,,2.0
2575,,3.0
2576,,4.0
2577,,5.0
2578,,6.0
2579,1.0,
2580,,1.0
2581,,2.0
2582,,3.0
2583,,4.0
2584,1.0,
2585,2.0,
2586,3.0,
2587,4.0,
2588,5.0,
2589,,1.0
2590,,2.0
2591,,3.0
2592,1.0,
2593,2.0,
2594,3.0,
2595,4.0,
2596,5.0,
2597,6.0,
2598,7.0,
2599,8.0,
2600,,1.0
2601,,2.0
2602,,3.0
2603,,4.0
2604,,5.0
2605,,6.0
2606,,7.0
2607,,8.0
2608,1.0,
2609,,1.0
2610,1.0,
2611,2.0,
2612,,1.0
2613,,2.0
2614,1.0,
2615,2.0,
2616,3.0,
2617,4.0,
2618,5.0,
2619,6.0,
2620,,1.0
2621,1.0,
2622,2.0,
2623,,1.0
2624,1.0,
2625,,1.0
2626,,2.0
2627,,3.0
2628,,4.0
2629,,5.0
2630,,6.0
2631,1.0,
2632,2.0,
2633,,1.0
2634,1.0,
2635,2.0,
2636,,1.0
2637,,2.0
2638,1.0,
2639,,1.0
2640,1.0,
2641,2.0,
2642,3.0,
2643,4.0,
2644,5.0,
2645,,1.0
2646,1.0,
2647,,1.0
2648,1.0,
2649,2.0,
2650,3.0,
2651,4.0,
2652,5.0,
2653,6.0,
2654,7.0,
2655,8.0,
2656,,1.0
2657,,2.0
2658,,3.0
2659,,4.0
2660,,5.0
2661,,6.0
2662,,7.0
2663,,8.0
2664,,9.0
2665,,10.0
2666,,11.0
2667,,12.0
2668,,13.0
2669,,13.0
2670,1.0,
2671,2.0,
2672,3.0,
2673,4.0,
2674,5.0,
2675,,1.0
2676,,2.0
2677,,3.0
2678,,4.0
2679,,5.0
2680,,6.0
2681,,7.0
2682,,8.0
2683,,9.0
2684,1.0,
2685,2.0,
2686,3.0,
2687,,1.0
2688,,2.0
2689,,3.0
2690,,4.0
2691,,5.0
2692,,6.0
2693,1.0,
2694,2.0,
2695,3.0,
2696,4.0,
2697,5.0,
2698,6.0,
2699,7.0,
2700,8.0,
2701,9.0,
2702,10.0,
2703,11.0,
2704,,1.0
2705,,2.0
2706,,3.0
2707,,4.0
2708,1.0,
2709,2.0,
2710,3.0,
2711,4.0,
2712,5.0,
2713,,1.0
2714,1.0,
2715,2.0,
2716,3.0,
2717,4.0,
2718,,1.0
2719,,2.0
2720,,3.0
2721,,4.0
2722,,5.0
2723,1.0,
2724,2.0,
2725,,1.0
2726,1.0,
2727,,1.0
2728,,2.0
2729,,3.0
2730,,4.0
2731,1.0,
2732,2.0,
2733,,1.0
2734,,2.0
2735,,3.0
2736,,4.0
2737,1.0,
2738,2.0,
2739,3.0,
2740,,1.0
2741,,2.0
2742,,3.0
2743,,4.0
2744,,5.0
2745,,6.0
2746,,7.0
2747,1.0,
2748,2.0,
2749,3.0,
2750,4.0,
2751,5.0,
2752,,1.0
2753,,2.0
2754,1.0,
2755,2.0,
2756,,1.0
2757,,2.0
2758,,3.0
2759,,4.0
2760,,5.0
2761,,6.0
2762,,7.0
2763,,8.0
2764,,9.0
2765,1.0,
2766,2.0,
2767,,1.0
2768,1.0,
2769,,1.0
2770,1.0,
2771,2.0,
2772,,1.0
2773,1.0,
2774,,1.0
2775,1.0,
2776,,1.0
2777,,2.0
2778,,3.0
2779,,4.0
2780,1.0,
2781,,1.0
2782,1.0,
2783,,1.0
2784,,2.0
2785,,3.0
2786,,4.0
2787,,5.0
2788,,6.0
2789,1.0,
2790,2.0,
2791,3.0,
2792,,1.0
2793,,2.0
2794,,3.0
2795,,4.0
2796,1.0,
2797,2.0,
2798,3.0,
2799,4.0,
2800,5.0,
2801,6.0,
2802,7.0,
2803,8.0,
2804,9.0,
2805,10.0,
2806,11.0,
2807,12.0,
2808,13.0,
2809,13.0,
2810,,1.0
2811,,2.0
2812,,3.0
2813,1.0,
2814,2.0,
2815,,1.0
2816,,2.0
2817,1.0,
2818,2.0,
2819,3.0,
2820,4.0,
2821,,1.0
2822,,2.0
2823,,3.0
2824,,4.0
2825,,5.0
2826,,6.0
2827,,7.0
2828,1.0,
2829,2.0,
2830,3.0,
2831,4.0,
2832,5.0,
2833,6.0,
2834,7.0,
2835,8.0,
2836,9.0,
2837,10.0,
2838,11.0,
2839,,1.0
2840,,2.0
2841,,3.0
2842,,4.0
2843,,5.0
2844,,6.0
2845,,7.0
2846,,8.0
2847,1.0,
2848,,1.0
2849,1.0,
2850,,1.0
2851,,2.0
2852,,3.0
2853,,4.0
2854,,5.0
2855,1.0,
2856,2.0,
2857,3.0,
2858,4.0,
2859,5.0,
2860,6.0,
2861,7.0,
2862,8.0,
2863,9.0,
2864,10.0,
2865,11.0,
2866,12.0,
2867,13.0,
2868,13.0,
2869,,1.0
2870,1.0,
2871,2.0,
2872,3.0,
2873,,1.0
2874,,2.0
2875,,3.0
2876,,4.0
2877,,5.0
2878,,6.0
2879,1.0,
2880,,1.0
2881,1.0,
2882,2.0,
2883,,1.0
2884,1.0,
2885,,1.0
2886,,2.0
2887,1.0,
2888,2.0,
2889,3.0,
2890,4.0,
2891,5.0,
2892,6.0,
2893,7.0,
2894,,1.0
2895,1.0,
2896,,1.0
2897,1.0,
2898,2.0,
2899,3.0,
2900,4.0,
2901,,1.0
2902,,2.0
2903,,3.0
2904,,4.0
2905,,5.0
2906,,6.0
2907,,7.0
2908,,8.0
2909,,9.0
2910,,10.0
2911,,11.0
2912,,12.0
2913,,13.0
2914,,13.0
2915,,13.0
2916,,13.0
2917,,13.0
2918,,13.0
2919,1.0,
2920,2.0,
2921,3.0,
2922,,1.0
2923,,2.0
2924,,3.0
2925,,4.0
2926,,5.0
2927,1.0,
2928,,1.0
2929,,2.0
2930,,3.0
2931,,4.0
2932,,5.0
2933,,6.0
2934,1.0,
2935,2.0,
2936,3.0,
2937,4.0,
2938,5.0,
2939,,1.0
2940,1.0,
2941,2.0,
2942,,1.0
2943,,2.0
2944,1.0,
2945,,1.0
2946,1.0,
2947,2.0,
2948,3.0,
2949,,1.0
2950,1.0,
2951,2.0,
2952,,1.0
2953,,2.0
2954,,3.0
2955,,4.0
2956,,5.0
2957,,6.0
2958,,7.0
2959,,8.0
2960,1.0,
2961,2.0,
2962,3.0,
2963,4.0,
2964,,1.0
2965,,2.0
2966,,3.0
2967,,4.0
2968,,5.0
2969,,6.0
2970,,7.0
2971,,8.0
2972,,9.0
2973,,10.0
2974,,11.0
2975,,12.0
2976,1.0,
2977,2.0,
2978,3.0,
2979,4.0,
2980,5.0,
2981,,1.0
2982,,2.0
2983,,3.0
2984,,4.0
2985,,5.0
2986,,6.0
2987,1.0,
2988,2.0,
2989,3.0,
2990,4.0,
2991,,1.0
2992,,2.0
2993,,3.0
2994,,4.0
2995,1.0,
2996,2.0,
2997,3.0,
2998,4.0,
2999,,1.0
3000,,2.0
3001,,3.0
3002,,4.0
3003,,5.0
3004,,6.0
3005,1.0,
3006,2.0,
3007,3.0,
3008,4.0,
3009,5.0,
3010,6.0,
3011,7.0,
3012,,1.0
3013,1.0,
3014,2.0,
3015,3.0,
3016,4.0,
3017,5.0,
3018,,1.0
3019,,2.0
3020,1.0,
3021,2.0,
3022,3.0,
3023,4.0,
3024,5.0,
3025,6.0,
3026,7.0,
3027,,1.0
3028,1.0,
3029,2.0,
3030,3.0,
3031,4.0,
3032,5.0,
3033,6.0,
3034,7.0,
3035,8.0,
3036,9.0,
3037,10.0,
3038,11.0,
3039,12.0,
3040,13.0,
3041,,1.0
3042,,2.0
3043,,3.0
3044,,4.0
3045,,5.0
3046,,6.0
3047,,7.0
3048,,8.0
3049,,9.0
3050,,10.0
3051,,11.0
3052,,12.0
3053,,13.0
3054,,13.0
3055,1.0,
3056,2.0,
3057,3.0,
3058,4.0,
3059,5.0,
3060,6.0,
3061,,1.0
3062,,2.0
3063,,3.0
3064,,4.0
3065,,5.0
3066,1.0,
3067,2.0,
3068,3.0,
3069,4.0,
3070,5.0,
3071,6.0,
3072,7.0,
3073,,1.0
3074,,2.0
3075,1.0,
3076,,1.0
3077,,2.0
3078,,3.0
3079,,4.0
3080,,5.0
3081,,6.0
3082,,7.0
3083,1.0,
3084,2.0,
3085,3.0,
3086,,1.0
3087,,2.0
3088,,3.0
3089,,4.0
3090,,5.0
3091,,6.0
3092,,7.0
3093,,8.0
3094,,9.0
3095,,10.0
3096,,11.0
3097,1.0,
3098,2.0,
3099,3.0,
3100,4.0,
3101,5.0,
3102,6.0,
3103,,1.0
3104,1.0,
3105,2.0,
3106,3.0,
3107,4.0,
3108,5.0,
3109,6.0,
3110,7.0,
3111,,1.0
3112,,2.0
3113,,3.0
3114,,4.0
3115,1.0,
3116,2.0,
3117,3.0,
3118,4.0,
3119,5.0,
3120,,1.0
3121,,2.0
3122,,3.0
3123,,4.0
3124,,5.0
3125,1.0,
3126,2.0,
3127,3.0,
3128,4.0,
3129,5.0,
3130,6.0,
3131,7.0,
3132,8.0,
3133,9.0,
3134,10.0,
3135,11.0,
3136,,1.0
3137,,2.0
3138,,3.0
3139,,4.0
3140,1.0,
3141,2.0,
3142,3.0,
3143,4.0,
3144,,1.0
3145,,2.0
3146,,3.0
3147,,4.0
3148,,5.0
3149,,6.0
3150,,7.0
3151,,8.0
3152,1.0,
3153,2.0,
3154,,1.0
3155,1.0,
3156,2.0,
3157,3.0,
3158,4.0,
3159,5.0,
3160,,1.0
3161,,2.0
3162,1.0,
3163,,1.0
3164,1.0,
3165,2.0,
3166,,1.0
3167,,2.0
3168,,3.0
3169,1.0,
3170,2.0,
3171,3.0,
3172,4.0,
3173,5.0,
3174,6.0,
3175,7.0,
3176,8.0,
3177,9.0,
3178,10.0,
3179,11.0,
3180,,1.0
3181,,2.0
3182,,3.0
3183,,4.0
3184,,5.0
3185,,6.0
3186,,7.0
3187,1.0,
3188,2.0,
3189,3.0,
3190,,1.0
3191,,2.0
3192,,3.0
3193,,4.0
3194,,5.0
3195,1.0,
3196,,1.0
3197,,2.0
3198,,3.0
3199,,4.0
3200,,5.0
3201,,6.0
3202,,7.0
3203,,8.0
3204,,9.0
3205,,10.0
3206,,11.0
3207,,12.0
3208,,13.0
3209,1.0,
3210,,1.0
3211,1.0,
3212,,1.0
3213,,2.0
3214,1.0,
3215,,1.0
3216,1.0,
3217,,1.0
3218,1.0,
3219,2.0,
3220,3.0,
3221,,1.0
3222,,2.0
3223,,3.0
3224,,4.0
3225,1.0,
3226,2.0,
3227,3.0,
3228,4.0,
3229,,1.0
3230,,2.0
3231,,3.0
3232,,4.0
3233,,5.0
3234,,6.0
3235,1.0,
3236,2.0,
3237,3.0,
3238,4.0,
3239,5.0,
3240,6.0,
3241,7.0,
3242,8.0,
3243,9.0,
3244,10.0,
3245,11.0,
3246,12.0,
3247,13.0,
3248,13.0,
3249,13.0,
3250,,1.0
3251,1.0,
3252,,1.0
3253,,2.0
3254,,3.0
3255,,4.0
3256,1.0,
3257,2.0,
3258,,1.0
3259,,2.0
3260,,3.0
3261,,4.0
3262,1.0,
3263,2.0,
3264,3.0,
3265,4.0,
3266,5.0,
3267,6.0,
3268,7.0,
3269,,1.0
3270,,2.0
3271,1.0,
3272,,1.0
3273,1.0,
3274,,1.0
3275,,2.0
3276,,3.0
3277,,4.0
3278,,5.0
3279,,6.0
3280,,7.0
3281,,8.0
3282,,9.0
3283,,10.0
3284,,11.0
3285,1.0,
3286,2.0,
3287,3.0,
3288,4.0,
3289,5.0,
3290,6.0,
3291,7.0,
3292,8.0,
3293,,1.0
3294,1.0,
3295,2.0,
3296,3.0,
3297,4.0,
3298,5.0,
3299,6.0,
3300,7.0,
3301,8.0,
3302,9.0,
3303,10.0,
3304,11.0,
3305,12.0,
3306,13.0,
3307,13.0,
3308,13.0,
3309,13.0,
3310,13.0,
3311,13.0,
3312,13.0,
3313,13.0,
3314,13.0,
3315,,1.0
3316,,2.0
3317,,3.0
3318,,4.0
3319,,5.0
3320,,6.0
3321,,7.0
3322,,8.0
3323,,9.0
3324,,10.0
3325,,11.0
3326,,12.0
3327,1.0,
3328,,1.0
3329,1.0,
3330,,1.0
3331,,2.0
3332,,3.0
3333,,4.0
3334,,5.0
3335,,6.0
3336,1.0,
3337,2.0,
3338,3.0,
3339,4.0,
3340,,1.0
3341,,2.0
3342,1.0,
3343,2.0,
3344,3.0,
3345,4.0,
3346,,1.0
3347,1.0,
3348,2.0,
3349,3.0,
3350,4.0,
3351,5.0,
3352,6.0,
3353,7.0,
3354,8.0,
3355,,1.0
3356,,2.0
3357,1.0,
3358,,1.0
3359,1.0,
3360,2.0,
3361,,1.0
3362,1.0,
3363,2.0,
3364,3.0,
3365,4.0,
3366,5.0,
3367,6.0,
3368,,1.0
3369,,2.0
3370,,3.0
3371,,4.0
3372,1.0,
3373,2.0,
3374,3.0,
3375,4.0,
3376,,1.0
3377,1.0,
3378,2.0,
3379,3.0,
3380,4.0,
3381,,1.0
3382,1.0,
3383,2.0,
3384,3.0,
3385,,1.0
3386,,2.0
3387,,3.0
3388,,4.0
3389,,5.0
3390,,6.0
3391,,7.0
3392,,8.0
3393,,9.0
3394,,10.0
3395,1.0,
3396,,1.0
3397,1.0,
3398,2.0,
3399,3.0,
3400,4.0,
3401,5.0,
3402,6.0,
3403,7.0,
3404,8.0,
3405,9.0,
3406,10.0,
3407,11.0,
3408,12.0,
3409,13.0,
3410,13.0,
3411,,1.0
3412,,2.0
3413,,3.0
3414,,4.0
3415,1.0,
3416,2.0,
3417,,1.0
3418,1.0,
3419,2.0,
3420,3.0,
3421,4.0,
3422,5.0,
3423,6.0,
3424,,1.0
3425,,2.0
3426,1.0,
3427,,1.0
3428,,2.0
3429,,3.0
3430,,4.0
3431,1.0,
3432,2.0,
3433,,1.0
3434,,2.0
3435,1.0,
3436,2.0,
3437,3.0,
3438,4.0,
3439,5.0,
3440,6.0,
3441,7.0,
3442,8.0,
3443,9.0,
3444,10.0,
3445,11.0,
3446,,1.0
3447,,2.0
3448,,3.0
3449,,4.0
3450,,5.0
3451,,6.0
3452,,7.0
3453,,8.0
3454,,9.0
3455,1.0,
3456,,1.0
3457,,2.0
3458,,3.0
3459,,4.0
3460,,5.0
3461,1.0,
3462,2.0,
3463,3.0,
3464,4.0,
3465,5.0,
3466,,1.0
3467,1.0,
3468,2.0,
3469,,1.0
3470,,2.0
3471,1.0,
3472,,1.0
3473,1.0,
3474,2.0,
3475,3.0,
3476,4.0,
3477,5.0,
3478,6.0,
3479,7.0,
3480,8.0,
3481,,1.0
3482,1.0,
3483,,1.0
3484,1.0,
3485,2.0,
3486,3.0,
3487,4.0,
3488,5.0,
3489,6.0,
3490,7.0,
3491,8.0,
3492,9.0,
3493,,1.0
3494,,2.0
3495,1.0,
3496,2.0,
3497,,1.0
3498,,2.0
3499,,3.0
3500,,4.0
3501,,5.0
3502,1.0,
3503,2.0,
3504,,1.0
3505,1.0,
3506,2.0,
3507,3.0,
3508,4.0,
3509,5.0,
3510,,1.0
3511,1.0,
3512,,1.0
3513,,2.0
3514,,3.0
3515,,4.0
3516,,5.0
3517,1.0,
3518,,1.0
3519,1.0,
3520,2.0,
3521,3.0,
3522,4.0,
3523,5.0,
3524,6.0,
3525,,1.0
3526,,2.0
3527,,3.0
3528,,4.0
3529,,5.0
3530,,6.0
3531,1.0,
3532,2.0,
3533,3.0,
3534,4.0,
3535,5.0,
3536,6.0,
3537,,1.0
3538,,2.0
3539,,3.0
3540,,4.0
3541,,5.0
3542,,6.0
3543,,7.0
3544,,8.0
3545,1.0,
3546,2.0,
3547,3.0,
3548,4.0,
3549,5.0,
3550,6.0,
3551,7.0,
3552,8.0,
3553,,1.0
3554,1.0,
3555,2.0,
3556,3.0,
3557,4.0,
3558,5.0,
3559,6.0,
3560,7.0,
3561,8.0,
3562,9.0,
3563,,1.0
3564,1.0,
3565,2.0,
3566,3.0,
3567,,1.0
3568,,2.0
3569,1.0,
3570,2.0,
3571,3.0,
3572,4.0,
3573,,1.0
3574,,2.0
3575,1.0,
3576,2.0,
3577,3.0,
3578,4.0,
3579,5.0,
3580,,1.0
3581,1.0,
3582,,1.0
3583,1.0,
3584,2.0,
3585,3.0,
3586,4.0,
3587,5.0,
3588,,1.0
3589,,2.0
3590,,3.0
3591,,4.0
3592,,5.0
3593,1.0,
3594,2.0,
3595,,1.0
3596,,2.0
3597,,3.0
3598,,4.0
3599,,5.0
3600,1.0,
3601,2.0,
3602,3.0,
3603,,1.0
3604,,2.0
3605,,3.0
3606,,4.0
3607,1.0,
3608,2.0,
3609,3.0,
3610,4.0,
3611,5.0,
3612,6.0,
3613,,1.0
3614,,2.0
3615,,3.0
3616,,4.0
3617,,5.0
3618,,6.0
3619,,7.0
3620,,8.0
3621,,9.0
3622,,10.0
3623,1.0,
3624,2.0,
3625,3.0,
3626,4.0,
3627,5.0,
3628,6.0,
3629,,1.0
3630,1.0,
3631,2.0,
3632,3.0,
3633,4.0,
3634,5.0,
3635,6.0,
3636,7.0,
3637,8.0,
3638,,1.0
3639,,2.0
3640,,3.0
3641,,4.0
3642,,5.0
3643,,6.0
3644,,7.0
3645,,8.0
3646,,9.0
3647,,10.0
3648,,11.0
3649,,12.0
3650,,13.0
3651,,13.0
3652,,13.0
3653,,13.0
3654,,13.0
3655,,13.0
3656,,13.0
3657,,13.0
3658,,13.0
3659,1.0,
3660,2.0,
3661,,1.0
3662,1.0,
3663,2.0,
3664,3.0,
3665,,1.0
3666,,2.0
3667,,3.0
3668,,4.0
3669,,5.0
3670,,6.0
3671,1.0,
3672,,1.0
3673,1.0,
3674,2.0,
3675,3.0,
3676,4.0,
3677,5.0,
3678,,1.0
3679,1.0,
3680,2.0,
3681,3.0,
3682,4.0,
3683,5.0,
3684,6.0,
3685,7.0,
3686,,1.0
3687,,2.0
3688,,3.0
3689,,4.0
3690,1.0,
3691,2.0,
3692,3.0,
3693,,1.0
3694,,2.0
3695,,3.0
3696,,4.0
3697,,5.0
3698,,6.0
3699,,7.0
3700,,8.0
3701,,9.0
3702,,10.0
3703,,11.0
3704,,12.0
3705,,13.0
3706,,13.0
3707,,13.0
3708,,13.0
3709,,13.0
3710,,13.0
3711,,13.0
3712,1.0,
3713,2.0,
3714,,1.0
3715,,2.0
3716,,3.0
3717,,4.0
3718,1.0,
3719,2.0,
3720,3.0,
3721,,1.0
3722,,2.0
3723,1.0,
3724,2.0,
3725,,1.0
3726,,2.0
3727,,3.0
3728,,4.0
3729,,5.0
3730,,6.0
3731,,7.0
3732,,8.0
3733,,9.0
3734,,10.0
3735,,11.0
3736,,12.0
3737,,13.0
3738,,13.0
3739,1.0,
3740,,1.0
3741,,2.0
3742,,3.0
3743,,4.0
3744,1.0,
3745,,1.0
3746,,2.0
3747,1.0,
3748,2.0,
3749,3.0,
3750,4.0,
3751,,1.0
3752,,2.0
3753,,3.0
3754,,4.0
3755,1.0,
3756,,1.0
3757,,2.0
3758,,3.0
3759,,4.0
3760,,5.0
3761,,6.0
3762,,7.0
3763,,8.0
3764,,9.0
3765,,10.0
3766,,11.0
3767,1.0,
3768,,1.0
3769,1.0,
3770,2.0,
3771,,1.0
3772,,2.0
3773,,3.0
3774,,4.0
3775,1.0,
3776,2.0,
3777,3.0,
3778,4.0,
3779,,1.0
3780,,2.0
3781,,3.0
3782,,4.0
3783,,5.0
3784,,6.0
3785,1.0,
3786,2.0,
3787,,1.0
3788,,2.0
3789,,3.0
3790,,4.0
3791,,5.0
3792,,6.0
3793,,7.0
3794,,8.0
3795,,9.0
3796,,10.0
3797,,11.0
3798,1.0,
3799,,1.0
3800,1.0,
3801,2.0,
3802,3.0,
3803,4.0,
3804,5.0,
3805,6.0,
3806,7.0,
3807,,1.0
3808,,2.0
3809,,3.0
3810,,4.0
3811,1.0,
3812,2.0,
3813,3.0,
3814,,1.0
3815,,2.0
3816,,3.0
3817,,4.0
3818,,5.0
3819,,6.0
3820,,7.0
3821,1.0,
3822,2.0,
3823,3.0,
3824,4.0,
3825,5.0,
3826,6.0,
3827,,1.0
3828,1.0,
3829,,1.0
3830,,2.0
3831,,3.0
3832,,4.0
3833,,5.0
3834,,6.0
3835,,7.0
3836,,8.0
3837,,9.0
3838,,10.0
3839,,11.0
3840,,12.0
3841,,13.0
3842,,13.0
3843,,13.0
3844,,13.0
3845,,13.0
3846,,13.0
3847,,13.0
3848,,13.0
3849,,13.0
3850,,13.0
3851,,13.0
3852,,13.0
3853,,13.0
3854,,13.0
3855,,13.0
3856,,13.0
3857,,13.0
3858,,13.0
3859,1.0,
3860,,1.0
3861,,2.0
3862,,3.0
3863,,4.0
3864,1.0,
3865,2.0,
3866,3.0,
3867,4.0,
3868,,1.0
3869,1.0,
3870,2.0,
3871,3.0,
3872,4.0,
3873,,1.0
3874,,2.0
3875,1.0,
3876,,1.0
3877,,2.0
3878,1.0,
3879,2.0,
3880,3.0,
3881,4.0,
3882,5.0,
3883,6.0,
3884,,1.0
3885,1.0,
3886,,1.0
3887,,2.0
3888,,3.0
3889,,4.0
3890,,5.0
3891,,6.0
3892,,7.0
3893,,8.0
3894,,9.0
3895,,10.0
3896,,11.0
3897,,12.0
3898,,13.0
3899,,13.0
3900,,13.0
3901,,13.0
3902,,13.0
3903,,13.0
3904,,13.0
3905,1.0,
3906,,1.0
3907,1.0,
3908,2.0,
3909,3.0,
3910,4.0,
3911,5.0,
3912,6.0,
3913,7.0,
3914,8.0,
3915,,1.0
3916,,2.0
3917,,3.0
3918,,4.0
3919,,5.0
3920,,6.0
3921,1.0,
3922,2.0,
3923,3.0,
3924,,1.0
3925,,2.0
3926,,3.0
3927,,4.0
3928,,5.0
3929,,6.0
3930,,7.0
3931,1.0,
3932,2.0,
3933,3.0,
3934,4.0,
3935,5.0,
3936,,1.0
3937,,2.0
3938,1.0,
3939,2.0,
3940,3.0,
3941,4.0,
3942,5.0,
3943,6.0,
3944,7.0,
3945,8.0,
3946,9.0,
3947,10.0,
3948,,1.0
3949,1.0,
3950,2.0,
3951,3.0,
3952,4.0,
3953,,1.0
3954,,2.0
3955,1.0,
3956,2.0,
3957,3.0,
3958,4.0,
3959,,1.0
3960,,2.0
3961,,3.0
3962,,4.0
3963,,5.0
3964,,6.0
3965,,7.0
3966,,8.0
3967,,9.0
3968,,10.0
3969,1.0,
3970,2.0,
3971,3.0,
3972,4.0,
3973,5.0,
3974,6.0,
3975,7.0,
3976,,1.0
3977,1.0,
3978,2.0,
3979,3.0,
3980,4.0,
3981,,1.0
3982,,2.0
3983,,3.0
3984,,4.0
3985,1.0,
3986,2.0,
3987,3.0,
3988,4.0,
3989,,1.0
3990,,2.0
3991,,3.0
3992,,4.0
3993,,5.0
3994,,6.0
3995,1.0,
3996,,1.0
3997,,2.0
3998,1.0,
3999,,1.0
4000,,2.0
4001,1.0,
4002,,1.0
4003,,2.0
4004,1.0,
4005,2.0,
4006,3.0,
4007,,1.0
4008,,2.0
4009,,3.0
4010,,4.0
4011,,5.0
4012,,6.0
4013,,7.0
4014,1.0,
4015,2.0,
4016,3.0,
4017,4.0,
4018,5.0,
4019,6.0,
4020,7.0,
4021,8.0,
4022,,1.0
4023,,2.0
4024,,3.0
4025,,4.0
4026,,5.0
4027,,6.0
4028,,7.0
4029,1.0,
4030,2.0,
4031,3.0,
4032,4.0,
4033,5.0,
4034,6.0,
4035,7.0,
4036,8.0,
4037,,1.0
4038,,2.0
4039,1.0,
4040,2.0,
4041,3.0,
4042,4.0,
4043,5.0,
4044,6.0,
4045,,1.0
4046,,2.0
4047,,3.0
4048,,4.0
4049,,5.0
4050,1.0,
4051,2.0,
4052,,1.0
4053,,2.0
4054,,3.0
4055,,4.0
4056,1.0,
4057,2.0,
4058,3.0,
4059,4.0,
4060,5.0,
4061,6.0,
4062,,1.0
4063,,2.0
4064,1.0,
4065,,1.0
4066,1.0,
4067,,1.0
4068,,2.0
4069,,3.0
4070,,4.0
4071,1.0,
4072,2.0,
4073,3.0,
4074,4.0,
4075,,1.0
4076,,2.0
4077,,3.0
4078,,4.0
4079,1.0,
4080,2.0,
4081,3.0,
4082,4.0,
4083,5.0,
4084,6.0,
4085,7.0,
4086,8.0,
4087,9.0,
4088,,1.0
4089,,2.0
4090,,3.0
4091,,4.0
4092,,5.0
4093,,6.0
4094,,7.0
4095,,8.0
4096,,9.0
4097,,10.0
4098,,11.0
4099,,12.0
4100,,13.0
4101,,13.0
4102,,13.0
4103,1.0,
4104,,1.0
4105,,2.0
4106,,3.0
4107,,4.0
4108,,5.0
4109,,6.0
4110,,7.0
4111,1.0,
4112,2.0,
4113,3.0,
4114,,1.0
4115,,2.0
4116,,3.0
4117,,4.0
4118,1.0,
4119,,1.0
4120,,2.0
4121,,3.0
4122,,4.0
4123,,5.0
4124,,6.0
4125,,7.0
4126,,8.0
4127,,9.0
4128,1.0,
4129,2.0,
4130,3.0,
4131,4.0,
4132,5.0,
4133,6.0,
4134,,1.0
4135,1.0,
4136,2.0,
4137,3.0,
4138,4.0,
4139,,1.0
4140,,2.0
4141,,3.0
4142,,4.0
4143,,5.0
4144,,6.0
4145,1.0,
4146,2.0,
4147,3.0,
4148,4.0,
4149,5.0,
4150,6.0,
4151,7.0,
4152,,1.0
4153,,2.0
4154,,3.0
4155,,4.0
4156,,5.0
4157,,6.0
4158,,7.0
4159,1.0,
4160,2.0,
4161,3.0,
4162,4.0,
4163,,1.0
4164,,2.0
4165,,3.0
4166,1.0,
4167,2.0,
4168,3.0,
4169,4.0,
4170,,1.0
4171,,2.0
4172,,3.0
4173,,4.0
4174,,5.0
4175,1.0,
4176,2.0,
4177,3.0,
4178,,1.0
4179,,2.0
4180,,3.0
4181,,4.0
4182,1.0,
4183,2.0,
4184,3.0,
4185,4.0,
4186,5.0,
4187,6.0,
4188,7.0,
4189,8.0,
4190,9.0,
4191,,1.0
4192,,2.0
4193,,3.0
4194,,4.0
4195,,5.0
4196,,6.0
4197,,7.0
4198,,8.0
4199,,9.0
4200,,10.0
4201,,11.0
4202,,12.0
4203,,13.0
4204,,13.0
4205,,13.0
4206,,13.0
4207,1.0,
4208,2.0,
4209,3.0,
4210,4.0,
4211,5.0,
4212,,1.0
4213,1.0,
4214,2.0,
4215,3.0,
4216,4.0,
4217,,1.0
4218,1.0,
4219,2.0,
4220,3.0,
4221,4.0,
4222,5.0,
4223,,1.0
4224,,2.0
4225,,3.0
4226,,4.0
4227,,5.0
4228,1.0,
4229,2.0,
4230,3.0,
4231,4.0,
4232,5.0,
4233,6.0,
4234,7.0,
4235,8.0,
4236,9.0,
4237,,1.0
4238,1.0,
4239,2.0,
4240,3.0,
4241,4.0,
4242,,1.0
4243,,2.0
4244,,3.0
4245,,4.0
4246,1.0,
4247,2.0,
4248,3.0,
4249,,1.0
4250,,2.0
4251,,3.0
4252,,4.0
4253,1.0,
4254,2.0,
4255,3.0,
4256,4.0,
4257,5.0,
4258,6.0,
4259,7.0,
4260,8.0,
4261,,1.0
4262,,2.0
4263,,3.0
4264,,4.0
4265,,5.0
4266,1.0,
4267,,1.0
4268,,2.0
4269,,3.0
4270,,4.0
4271,,5.0
4272,,6.0
4273,,7.0
4274,,8.0
4275,,9.0
4276,,10.0
4277,,11.0
4278,,12.0
4279,,13.0
4280,,13.0
4281,,13.0
4282,,13.0
4283,,13.0
4284,1.0,
4285,2.0,
4286,3.0,
4287,4.0,
4288,5.0,
4289,6.0,
4290,7.0,
4291,,1.0
4292,,2.0
4293,,3.0
4294,,4.0
4295,,5.0
4296,1.0,
4297,2.0,
4298,,1.0
4299,1.0,
4300,2.0,
4301,,1.0
4302,1.0,
4303,,1.0
4304,,2.0
4305,,3.0
4306,,4.0
4307,,5.0
4308,1.0,
4309,2.0,
4310,3.0,
4311,4.0,
4312,5.0,
4313,,1.0
4314,,2.0
4315,,3.0
4316,,4.0
4317,,5.0
4318,,6.0
4319,,7.0
4320,1.0,
4321,2.0,
4322,,1.0
4323,,2.0
4324,,3.0
4325,,4.0
4326,,5.0
4327,,6.0
4328,,7.0
4329,,8.0
4330,,9.0
4331,,10.0
4332,1.0,
4333,2.0,
4334,3.0,
4335,4.0,
4336,5.0,
4337,6.0,
4338,,1.0
4339,,2.0
4340,,3.0
4341,,4.0
4342,,5.0
4343,,6.0
4344,1.0,
4345,2.0,
4346,3.0,
4347,4.0,
4348,,1.0
4349,1.0,
4350,2.0,
4351,3.0,
4352,4.0,
4353,5.0,
4354,6.0,
4355,,1.0
4356,,2.0
4357,,3.0
4358,,4.0
4359,,5.0
4360,,6.0
4361,,7.0
4362,,8.0
4363,1.0,
4364,,1.0
4365,1.0,
4366,,1.0
4367,1.0,
4368,2.0,
4369,3.0,
4370,4.0,
4371,,1.0
4372,1.0,
4373,,1.0
4374,1.0,
4375,2.0,
4376,,1.0
4377,,2.0
4378,,3.0
4379,,4.0
4380,1.0,
4381,2.0,
4382,3.0,
4383,4.0,
4384,5.0,
4385,6.0,
4386,,1.0
4387,,2.0
4388,,3.0
4389,1.0,
4390,,1.0
4391,,2.0
4392,,3.0
4393,,4.0
4394,,5.0
4395,,6.0
4396,,7.0
4397,,8.0
4398,,9.0
4399,,10.0
4400,,11.0
4401,,12.0
4402,1.0,
4403,,1.0
4404,1.0,
4405,,1.0
4406,,2.0
4407,,3.0
4408,,4.0
4409,,5.0
4410,1.0,
4411,2.0,
4412,3.0,
4413,4.0,
4414,5.0,
4415,6.0,
4416,7.0,
4417,8.0,
4418,9.0,
4419,10.0,
4420,,1.0
4421,,2.0
4422,,3.0
4423,,4.0
4424,,5.0
4425,,6.0
4426,,7.0
4427,,8.0
4428,,9.0
4429,,10.0
4430,,11.0
4431,,12.0
4432,,13.0
4433,1.0,
4434,,1.0
4435,,2.0
4436,,3.0
4437,,4.0
4438,1.0,
4439,2.0,
4440,3.0,
4441,4.0,
4442,5.0,
4443,,1.0
4444,1.0,
4445,2.0,
4446,3.0,
4447,4.0,
4448,,1.0
4449,,2.0
4450,,3.0
4451,1.0,
4452,,1.0
4453,,2.0
4454,,3.0
4455,,4.0
4456,,5.0
4457,,6.0
4458,,7.0
4459,,8.0
4460,1.0,
4461,2.0,
4462,3.0,
4463,4.0,
4464,,1.0
4465,1.0,
4466,2.0,
4467,3.0,
4468,4.0,
4469,,1.0
4470,,2.0
4471,1.0,
4472,2.0,
4473,3.0,
4474,4.0,
4475,,1.0
4476,1.0,
4477,2.0,
4478,3.0,
4479,4.0,
4480,5.0,
4481,6.0,
4482,,1.0
4483,1.0,
4484,2.0,
4485,3.0,
4486,4.0,
4487,5.0,
4488,6.0,
4489,,1.0
4490,,2.0
4491,,3.0
4492,,4.0
4493,1.0,
4494,2.0,
4495,3.0,
4496,4.0,
4497,,1.0
4498,,2.0
4499,,3.0
4500,,4.0
4501,,5.0
4502,,6.0
4503,,7.0
4504,,8.0
4505,,9.0
4506,,10.0
4507,1.0,
4508,2.0,
4509,3.0,
4510,4.0,
4511,,1.0
4512,,2.0
4513,,3.0
4514,,4.0
4515,1.0,
4516,2.0,
4517,,1.0
4518,,2.0
4519,,3.0
4520,1.0,
4521,2.0,
4522,3.0,
4523,4.0,
4524,,1.0
4525,,2.0
4526,1.0,
4527,2.0,
4528,3.0,
4529,4.0,
4530,5.0,
4531,6.0,
4532,7.0,
4533,8.0,
4534,,1.0
4535,1.0,
4536,2.0,
4537,3.0,
4538,4.0,
4539,5.0,
4540,6.0,
4541,7.0,
4542,,1.0
4543,,2.0
4544,,3.0
4545,,4.0
4546,,5.0
4547,,6.0
4548,1.0,
4549,,1.0
4550,,2.0
4551,,3.0
4552,,4.0
4553,,5.0
4554,1.0,
4555,2.0,
4556,3.0,
4557,,1.0
4558,,2.0
4559,1.0,
4560,2.0,
4561,3.0,
4562,4.0,
4563,5.0,
4564,6.0,
4565,7.0,
4566,8.0,
4567,,1.0
4568,1.0,
4569,,1.0
4570,1.0,
4571,2.0,
4572,,1.0
4573,1.0,
4574,2.0,
4575,3.0,
4576,4.0,
4577,,1.0
4578,,2.0
4579,,3.0
4580,1.0,
4581,2.0,
4582,3.0,
4583,4.0,
4584,5.0,
4585,6.0,
4586,7.0,
4587,8.0,
4588,9.0,
4589,10.0,
4590,11.0,
4591,12.0,
4592,,1.0
4593,,2.0
4594,,3.0
4595,,4.0
4596,1.0,
4597,2.0,
4598,3.0,
4599,4.0,
4600,5.0,
4601,6.0,
4602,,1.0
4603,,2.0
4604,,3.0
4605,,4.0
4606,,5.0
4607,1.0,
4608,2.0,
4609,,1.0
4610,,2.0
4611,,3.0
4612,,4.0
4613,,5.0
4614,,6.0
4615,,7.0
4616,1.0,
4617,2.0,
4618,3.0,
4619,4.0,
4620,5.0,
4621,6.0,
4622,7.0,
4623,8.0,
4624,,1.0
4625,,2.0
4626,,3.0
4627,,4.0
4628,1.0,
4629,2.0,
4630,3.0,
4631,4.0,
4632,5.0,
4633,6.0,
4634,7.0,
4635,8.0,
4636,9.0,
4637,10.0,
4638,11.0,
4639,12.0,
4640,13.0,
4641,13.0,
4642,13.0,
4643,13.0,
4644,13.0,
4645,13.0,
4646,13.0,
4647,13.0,
4648,13.0,
4649,13.0,
4650,13.0,
4651,13.0,
4652,,1.0
4653,,2.0
4654,,3.0
4655,,4.0
4656,,5.0
4657,,6.0
4658,1.0,
4659,2.0,
4660,3.0,
4661,,1.0
4662,,2.0
4663,,3.0
4664,,4.0
4665,1.0,
4666,2.0,
4667,3.0,
4668,4.0,
4669,5.0,
4670,6.0,
4671,7.0,
4672,8.0,
4673,9.0,
4674,,1.0
4675,,2.0
4676,,3.0
4677,,4.0
4678,1.0,
4679,2.0,
4680,3.0,
4681,4.0,
4682,5.0,
4683,6.0,
4684,7.0,
4685,,1.0
4686,,2.0
4687,,3.0
4688,,4.0
4689,,5.0
4690,1.0,
4691,2.0,
4692,,1.0
4693,1.0,
4694,,1.0
4695,,2.0
4696,,3.0
4697,,4.0
4698,,5.0
4699,,6.0
4700,,7.0
4701,1.0,
4702,,1.0
4703,,2.0
4704,,3.0
4705,,4.0
4706,,5.0
4707,,6.0
4708,,7.0
4709,1.0,
4710,2.0,
4711,3.0,
4712,4.0,
4713,5.0,
4714,,1.0
4715,,2.0
4716,,3.0
4717,1.0,
4718,,1.0
4719,,2.0
4720,,3.0
4721,,4.0
4722,1.0,
4723,,1.0
4724,,2.0
4725,,3.0
4726,,4.0
4727,1.0,
4728,2.0,
4729,3.0,
4730,,1.0
4731,,2.0
4732,,3.0
4733,,4.0
4734,,5.0
4735,1.0,
4736,2.0,
4737,3.0,
4738,4.0,
4739,5.0,
4740,6.0,
4741,7.0,
4742,8.0,
4743,,1.0
4744,,2.0
4745,,3.0
4746,1.0,
4747,2.0,
4748,3.0,
4749,4.0,
4750,5.0,
4751,,1.0
4752,,2.0
4753,,3.0
4754,,4.0
4755,1.0,
4756,2.0,
4757,,1.0
4758,,2.0
4759,,3.0
4760,,4.0
4761,,5.0
4762,,6.0
4763,,7.0
4764,1.0,
4765,2.0,
4766,,1.0
4767,1.0,
4768,,1.0
4769,1.0,
4770,2.0,
4771,3.0,
4772,4.0,
4773,5.0,
4774,,1.0
4775,1.0,
4776,2.0,
4777,3.0,
4778,4.0,
4779,5.0,
4780,6.0,
4781,7.0,
4782,8.0,
4783,9.0,
4784,,1.0
4785,,2.0
4786,,3.0
4787,,4.0
4788,1.0,
4789,2.0,
4790,3.0,
4791,4.0,
4792,5.0,
4793,,1.0
4794,1.0,
4795,,1.0
4796,,2.0
4797,1.0,
4798,2.0,
4799,3.0,
4800,4.0,
4801,5.0,
4802,6.0,
4803,,1.0
4804,1.0,
4805,,1.0
4806,1.0,
4807,2.0,
4808,3.0,
4809,,1.0
4810,,2.0
4811,,3.0
4812,,4.0
4813,,5.0
4814,,6.0
4815,1.0,
4816,2.0,
4817,3.0,
4818,4.0,
4819,5.0,
4820,6.0,
4821,,1.0
4822,,2.0
4823,,3.0
4824,,4.0
4825,,5.0
4826,,6.0
4827,1.0,
4828,,1.0
4829,,2.0
4830,,3.0
4831,1.0,
4832,2.0,
4833,3.0,
4834,4.0,
4835,5.0,
4836,,1.0
4837,,2.0
4838,,3.0
4839,,4.0
4840,1.0,
4841,2.0,
4842,,1.0
4843,,2.0
4844,,3.0
4845,,4.0
4846,,5.0
4847,1.0,
4848,2.0,
4849,3.0,
4850,4.0,
4851,5.0,
4852,6.0,
4853,,1.0
4854,,2.0
4855,,3.0
4856,,4.0
4857,,5.0
4858,,6.0
4859,,7.0
4860,,8.0
4861,,9.0
4862,,10.0
4863,1.0,
4864,2.0,
4865,3.0,
4866,4.0,
4867,5.0,
4868,,1.0
4869,1.0,
4870,2.0,
4871,3.0,
4872,4.0,
4873,,1.0
4874,,2.0
4875,,3.0
4876,,4.0
4877,,5.0
4878,,6.0
4879,,7.0
4880,,8.0
4881,,9.0
4882,,10.0
4883,,11.0
4884,,12.0
4885,,13.0
4886,,13.0
4887,,13.0
4888,,13.0
4889,,13.0
4890,,13.0
4891,1.0,
4892,2.0,
4893,3.0,
4894,,1.0
4895,,2.0
4896,,3.0
4897,,4.0
4898,,5.0
4899,,6.0
4900,,7.0
4901,,8.0
4902,,9.0
4903,,10.0
4904,,11.0
4905,,12.0
4906,,13.0
4907,1.0,
4908,2.0,
4909,3.0,
4910,4.0,
4911,5.0,
4912,6.0,
4913,7.0,
4914,8.0,
4915,9.0,
4916,10.0,
4917,,1.0
4918,,2.0
4919,1.0,
4920,,1.0
4921,,2.0
4922,,3.0
4923,,4.0
4924,1.0,
4925,,1.0
4926,1.0,
4927,2.0,
4928,3.0,
4929,4.0,
4930,5.0,
4931,,1.0
4932,,2.0
4933,,3.0
4934,1.0,
4935,2.0,
4936,3.0,
4937,,1.0
4938,1.0,
4939,2.0,
4940,3.0,
4941,4.0,
4942,5.0,
4943,,1.0
4944,,2.0
4945,,3.0
4946,,4.0
4947,1.0,
4948,,1.0
4949,,2.0
4950,,3.0
4951,1.0,
4952,2.0,
4953,3.0,
4954,4.0,
4955,5.0,
4956,,1.0
4957,,2.0
4958,,3.0
4959,,4.0
4960,1.0,
4961,2.0,
4962,,1.0
4963,,2.0
4964,,3.0
4965,,4.0
4966,1.0,
4967,2.0,
4968,,1.0
4969,,2.0
4970,,3.0
4971,,4.0
4972,,5.0
4973,,6.0
4974,,7.0
4975,1.0,
4976,2.0,
4977,3.0,
4978,4.0,
4979,5.0,
4980,6.0,
4981,7.0,
4982,8.0,
4983,9.0,
4984,10.0,
4985,11.0,
4986,12.0,
4987,,1.0
4988,,2.0
4989,,3.0
4990,,4.0
4991,1.0,
4992,2.0,
4993,,1.0
4994,,2.0
4995,,3.0
4996,,4.0
4997,1.0,
4998,2.0,
4999,3.0,
5000,4.0,
5001,5.0,
5002,,1.0
5003,1.0,
5004,2.0,
5005,3.0,
5006,4.0,
5007,5.0,
5008,,1.0
5009,,2.0
5010,,3.0
5011,,4.0
5012,,5.0
5013,,6.0
5014,,7.0
5015,,8.0
5016,,9.0
5017,,10.0
5018,,11.0
5019,1.0,
5020,,1.0
5021,1.0,
5022,2.0,
5023,3.0,
5024,4.0,
5025,5.0,
5026,,1.0
5027,,2.0
5028,,3.0
5029,,4.0
5030,,5.0
5031,,6.0
5032,1.0,
5033,,1.0
5034,,2.0
5035,,3.0
5036,,4.0
5037,,5.0
5038,,6.0
5039,,7.0
5040,1.0,
5041,2.0,
5042,3.0,
5043,4.0,
5044,5.0,
5045,6.0,
5046,,1.0
5047,,2.0
5048,,3.0
5049,,4.0
5050,,5.0
5051,,6.0
5052,1.0,
5053,2.0,
5054,3.0,
5055,4.0,
5056,5.0,
5057,,1.0
5058,,2.0
5059,,3.0
5060,,4.0
5061,,5.0
5062,,6.0
5063,1.0,
5064,2.0,
5065,,1.0
5066,1.0,
5067,,1.0
5068,,2.0
5069,1.0,
5070,2.0,
5071,3.0,
5072,4.0,
5073,5.0,
5074,,1.0
5075,,2.0
5076,,3.0
5077,,4.0
5078,,5.0
5079,,6.0
5080,1.0,
5081,2.0,
5082,3.0,
5083,4.0,
5084,,1.0
5085,1.0,
5086,,1.0
5087,,2.0
5088,1.0,
5089,2.0,
5090,3.0,
5091,4.0,
5092,5.0,
5093,,1.0
5094,,2.0
5095,,3.0
5096,,4.0
5097,1.0,
5098,2.0,
5099,3.0,
5100,4.0,
5101,,1.0
5102,1.0,
5103,,1.0
5104,,2.0
5105,,3.0
5106,,4.0
5107,,5.0
5108,,6.0
5109,,7.0
5110,,8.0
5111,1.0,
5112,,1.0
5113,1.0,
5114,2.0,
5115,3.0,
5116,4.0,
5117,5.0,
5118,6.0,
5119,7.0,
5120,8.0,
5121,,1.0
5122,,2.0
5123,,3.0
5124,,4.0
5125,,5.0
5126,,6.0
5127,,7.0
5128,,8.0
5129,,9.0
5130,,10.0
5131,1.0,
5132,,1.0
5133,1.0,
5134,2.0,
5135,3.0,
5136,4.0,
5137,5.0,
5138,6.0,
5139,7.0,
5140,8.0,
5141,9.0,
5142,10.0,
5143,,1.0
5144,,2.0
5145,,3.0
5146,,4.0
5147,,5.0
5148,,6.0
5149,,7.0
5150,,8.0
5151,,9.0
5152,1.0,
5153,2.0,
5154,3.0,
5155,4.0,
5156,5.0,
5157,6.0,
5158,7.0,
5159,8.0,
5160,9.0,
5161,,1.0
5162,,2.0
5163,,3.0
5164,,4.0
5165,,5.0
5166,,6.0
5167,,7.0
5168,,8.0
5169,,9.0
5170,,10.0
5171,1.0,
5172,,1.0
5173,1.0,
5174,2.0,
5175,3.0,
5176,4.0,
5177,5.0,
5178,6.0,
5179,7.0,
5180,8.0,
5181,9.0,
5182,10.0,
5183,,1.0
5184,,2.0
5185,,3.0
5186,,4.0
5187,,5.0
5188,,6.0
5189,,7.0
5190,,8.0
5191,,9.0
5192,,10.0
5193,1.0,
5194,2.0,
5195,3.0,
5196,4.0,
5197,5.0,
5198,,1.0
5199,,2.0
5200,1.0,
5201,,1.0
5202,1.0,
5203,2.0,
5204,3.0,
5205,4.0,
5206,,1.0
5207,,2.0
5208,,3.0
5209,,4.0
5210,,5.0
5211,,6.0
5212,,7.0
5213,,8.0
5214,1.0,
5215,2.0,
5216,3.0,
5217,4.0,
5218,,1.0
5219,,2.0
5220,,3.0
5221,,4.0
5222,1.0,
5223,2.0,
5224,3.0,
5225,4.0,
5226,5.0,
5227,6.0,
5228,7.0,
5229,8.0,
5230,9.0,
5231,,1.0
5232,,2.0
5233,,3.0
5234,,4.0
5235,,5.0
5236,,6.0
5237,1.0,
5238,2.0,
5239,3.0,
5240,4.0,
5241,5.0,
5242,6.0,
5243,7.0,
5244,,1.0
5245,,2.0
5246,,3.0
5247,,4.0
5248,,5.0
5249,,6.0
5250,,7.0
5251,,8.0
5252,,9.0
5253,,10.0
5254,,11.0
5255,1.0,
5256,2.0,
5257,3.0,
5258,4.0,
5259,5.0,
5260,,1.0
5261,,2.0
5262,,3.0
5263,,4.0
5264,1.0,
5265,,1.0
5266,,2.0
5267,,3.0
5268,,4.0
5269,,5.0
5270,,6.0
5271,1.0,
5272,2.0,
5273,,1.0
5274,,2.0
5275,,3.0
5276,,4.0
5277,1.0,
5278,2.0,
5279,3.0,
5280,4.0,
5281,,1.0
5282,1.0,
5283,2.0,
5284,,1.0
5285,,2.0
5286,,3.0
5287,,4.0
5288,,5.0
5289,,6.0
5290,,7.0
5291,1.0,
5292,,1.0
5293,1.0,
5294,2.0,
5295,3.0,
5296,4.0,
5297,,1.0
5298,,2.0
5299,,3.0
5300,,4.0
5301,,5.0
5302,,6.0
5303,1.0,
5304,2.0,
5305,3.0,
5306,4.0,
5307,5.0,
5308,6.0,
5309,,1.0
5310,1.0,
5311,2.0,
5312,3.0,
5313,,1.0
5314,1.0,
5315,,1.0
5316,,2.0
5317,1.0,
5318,,1.0
5319,,2.0
5320,,3.0
5321,,4.0
5322,,5.0
5323,,6.0
5324,,7.0
5325,,8.0
5326,1.0,
5327,2.0,
5328,3.0,
5329,4.0,
5330,5.0,
5331,6.0,
5332,,1.0
5333,1.0,
5334,2.0,
5335,3.0,
5336,4.0,
5337,5.0,
5338,6.0,
5339,7.0,
5340,8.0,
5341,9.0,
5342,10.0,
5343,11.0,
5344,12.0,
5345,,1.0
5346,,2.0
5347,,3.0
5348,,4.0
5349,,5.0
5350,1.0,
5351,2.0,
5352,3.0,
5353,4.0,
5354,5.0,
5355,,1.0
5356,,2.0
5357,,3.0
5358,,4.0
5359,,5.0
5360,,6.0
5361,,7.0
5362,,8.0
5363,,9.0
5364,,10.0
5365,1.0,
5366,2.0,
5367,3.0,
5368,4.0,
5369,5.0,
5370,6.0,
5371,,1.0
5372,,2.0
5373,,3.0
5374,,4.0
5375,,5.0
5376,,6.0
5377,1.0,
5378,,1.0
5379,1.0,
5380,2.0,
5381,3.0,
5382,4.0,
5383,,1.0
5384,,2.0
5385,,3.0
5386,,4.0
5387,1.0,
5388,2.0,
5389,3.0,
5390,4.0,
5391,5.0,
5392,,1.0
5393,,2.0
5394,,3.0
5395,,4.0
5396,,5.0
5397,,6.0
5398,,7.0
5399,1.0,
5400,2.0,
5401,3.0,
5402,4.0,
5403,5.0,
5404,6.0,
5405,7.0,
5406,,1.0
5407,,2.0
5408,,3.0
5409,,4.0
5410,,5.0
5411,,6.0
5412,,7.0
5413,,8.0
5414,,9.0
5415,1.0,
5416,2.0,
5417,3.0,
5418,4.0,
5419,,1.0
5420,,2.0
5421,,3.0
5422,,4.0
5423,1.0,
5424,,1.0
5425,,2.0
5426,,3.0
5427,,4.0
5428,,5.0
5429,,6.0
5430,1.0,
5431,2.0,
5432,3.0,
5433,4.0,
5434,5.0,
5435,,1.0
5436,,2.0
5437,,3.0
5438,,4.0
5439,,5.0
5440,,6.0
5441,,7.0
5442,,8.0
5443,,9.0
5444,,10.0
5445,,11.0
5446,,12.0
5447,,13.0
5448,,13.0
5449,1.0,
5450,2.0,
5451,3.0,
5452,4.0,
5453,5.0,
5454,6.0,
5455,7.0,
5456,8.0,
5457,9.0,
5458,10.0,
5459,11.0,
5460,12.0,
5461,13.0,
5462,13.0,
5463,13.0,
5464,13.0,
5465,,1.0
5466,,2.0
5467,,3.0
5468,,4.0
5469,,5.0
5470,,6.0
5471,,7.0
5472,,8.0
5473,,9.0
5474,,10.0
5475,,11.0
5476,1.0,
5477,2.0,
5478,3.0,
5479,4.0,
5480,5.0,
5481,6.0,
5482,,1.0
5483,,2.0
5484,,3.0
5485,,4.0
5486,,5.0
5487,,6.0
5488,1.0,
5489,2.0,
5490,3.0,
5491,4.0,
5492,5.0,
5493,6.0,
5494,7.0,
5495,,1.0
5496,,2.0
5497,,3.0
5498,,4.0
5499,,5.0
5500,,6.0
5501,,7.0
5502,,8.0
5503,,9.0
5504,,10.0
5505,1.0,
5506,2.0,
5507,3.0,
5508,4.0,
5509,5.0,
5510,6.0,
5511,7.0,
5512,,1.0
5513,,2.0
5514,,3.0
5515,,4.0
5516,,5.0
5517,1.0,
5518,2.0,
5519,,1.0
5520,,2.0
5521,1.0,
5522,,1.0
5523,1.0,
5524,2.0,
5525,3.0,
5526,4.0,
5527,,1.0
5528,,2.0
5529,,3.0
5530,1.0,
5531,2.0,
5532,3.0,
5533,4.0,
5534,5.0,
5535,6.0,
5536,7.0,
5537,8.0,
5538,9.0,
5539,10.0,
5540,11.0,
5541,12.0,
5542,,1.0
5543,1.0,
5544,,1.0
5545,,2.0
5546,,3.0
5547,,4.0
5548,,5.0
5549,,6.0
5550,,7.0
5551,,8.0
5552,,9.0
5553,1.0,
5554,2.0,
5555,3.0,
5556,4.0,
5557,,1.0
5558,,2.0
5559,,3.0
5560,1.0,
5561,2.0,
5562,3.0,
5563,,1.0
5564,1.0,
5565,2.0,
5566,3.0,
5567,4.0,
5568,5.0,
5569,,1.0
5570,1.0,
5571,2.0,
5572,3.0,
5573,4.0,
5574,5.0,
5575,6.0,
5576,7.0,
5577,8.0,
5578,9.0,
5579,10.0,
5580,11.0,
5581,12.0,
5582,13.0,
5583,13.0,
5584,13.0,
5585,13.0,
5586,13.0,
5587,13.0,
5588,13.0,
5589,,1.0
5590,,2.0
5591,1.0,
5592,2.0,
5593,3.0,
5594,,1.0
5595,,2.0
5596,,3.0
5597,1.0,
5598,2.0,
5599,3.0,
5600,4.0,
5601,5.0,
5602,6.0,
5603,7.0,
5604,8.0,
5605,,1.0
5606,,2.0
5607,,3.0
5608,,4.0
5609,1.0,
5610,2.0,
5611,3.0,
5612,4.0,
5613,5.0,
5614,6.0,
5615,,1.0
5616,,2.0
5617,,3.0
5618,,4.0
5619,,5.0
5620,,6.0
5621,,7.0
5622,,8.0
5623,1.0,
5624,2.0,
5625,3.0,
5626,4.0,
5627,,1.0
5628,1.0,
5629,,1.0
5630,1.0,
5631,,1.0
5632,,2.0
5633,,3.0
5634,,4.0
5635,,5.0
5636,,6.0
5637,1.0,
5638,2.0,
5639,3.0,
5640,4.0,
5641,5.0,
5642,,1.0
5643,1.0,
5644,,1.0
5645,1.0,
5646,2.0,
5647,3.0,
5648,4.0,
5649,5.0,
5650,,1.0
5651,,2.0
5652,,3.0
5653,,4.0
5654,,5.0
5655,1.0,
5656,2.0,
5657,3.0,
5658,4.0,
5659,5.0,
5660,6.0,
5661,,1.0
5662,,2.0
5663,,3.0
5664,,4.0
5665,,5.0
5666,,6.0
5667,,7.0
5668,1.0,
5669,2.0,
5670,3.0,
5671,4.0,
5672,5.0,
5673,6.0,
5674,7.0,
5675,,1.0
5676,,2.0
5677,1.0,
5678,2.0,
5679,3.0,
5680,4.0,
5681,5.0,
5682,6.0,
5683,,1.0
5684,1.0,
5685,,1.0
5686,1.0,
5687,2.0,
5688,3.0,
5689,4.0,
5690,5.0,
5691,6.0,
5692,7.0,
5693,8.0,
5694,9.0,
5695,10.0,
5696,11.0,
5697,,1.0
5698,,2.0
5699,,3.0
5700,1.0,
5701,,1.0
5702,1.0,
5703,2.0,
5704,3.0,
5705,4.0,
5706,5.0,
5707,6.0,
5708,7.0,
5709,8.0,
5710,,1.0
5711,,2.0
5712,,3.0
5713,,4.0
5714,1.0,
5715,2.0,
5716,3.0,
5717,4.0,
5718,5.0,
5719,6.0,
5720,7.0,
5721,,
5722,1.0,
5723,2.0,
5724,,1.0
5725,,2.0
5726,,3.0
5727,,4.0
5728,,5.0
5729,,6.0
5730,,7.0
5731,,8.0
5732,,9.0
5733,,10.0
5734,1.0,
5735,2.0,
5736,3.0,
5737,4.0,
5738,5.0,
5739,,1.0
5740,,2.0
5741,,3.0
5742,,4.0
5743,,5.0
5744,,6.0
5745,,7.0
5746,,8.0
5747,,9.0
5748,,10.0
5749,1.0,
5750,2.0,
5751,3.0,
5752,4.0,
5753,5.0,
5754,6.0,
5755,7.0,
5756,8.0,
5757,,1.0
5758,,2.0
5759,,3.0
5760,,4.0
5761,1.0,
5762,2.0,
5763,3.0,
5764,4.0,
5765,5.0,
5766,,1.0
5767,,2.0
5768,,3.0
5769,,4.0
5770,,5.0
5771,,6.0
5772,,7.0
5773,,8.0
5774,,9.0
5775,,10.0
5776,1.0,
5777,2.0,
5778,3.0,
5779,4.0,
5780,5.0,
5781,,1.0
5782,1.0,
5783,,1.0
5784,,2.0
5785,,3.0
5786,,4.0
5787,,5.0
5788,,6.0
5789,,7.0
5790,,8.0
5791,,9.0
5792,,10.0
5793,,11.0
5794,,12.0
5795,,13.0
5796,,13.0
5797,1.0,
5798,2.0,
5799,3.0,
5800,4.0,
5801,5.0,
5802,6.0,
5803,7.0,
5804,8.0,
5805,9.0,
5806,10.0,
5807,11.0,
5808,12.0,
5809,13.0,
5810,13.0,
5811,13.0,
5812,13.0,
5813,13.0,
5814,13.0,
5815,13.0,
5816,13.0,
5817,13.0,
5818,13.0,
5819,13.0,
5820,,1.0
5821,,2.0
5822,,3.0
5823,,4.0
5824,,5.0
5825,1.0,
5826,2.0,
5827,3.0,
5828,4.0,
5829,5.0,
5830,,1.0
5831,,2.0
5832,1.0,
5833,2.0,
5834,3.0,
5835,4.0,
5836,5.0,
5837,6.0,
5838,7.0,
5839,,1.0
5840,1.0,
5841,2.0,
5842,3.0,
5843,4.0,
5844,,1.0
5845,,2.0
5846,1.0,
5847,2.0,
5848,3.0,
5849,,1.0
5850,,2.0
5851,,3.0
5852,,4.0
5853,1.0,
5854,2.0,
5855,3.0,
5856,,1.0
5857,,2.0
5858,,3.0
5859,,4.0
5860,,5.0
5861,,6.0
5862,,7.0
5863,,8.0
5864,,9.0
5865,1.0,
5866,2.0,
5867,3.0,
5868,4.0,
5869,5.0,
5870,,1.0
5871,,2.0
5872,,3.0
5873,,4.0
5874,,5.0
5875,,6.0
5876,1.0,
5877,,1.0
5878,,2.0
5879,,3.0
5880,1.0,
5881,2.0,
5882,3.0,
5883,,1.0
5884,,2.0
5885,,3.0
5886,,4.0
5887,1.0,
5888,,1.0
5889,,2.0
5890,,3.0
5891,,4.0
5892,,5.0
5893,,6.0
5894,1.0,
5895,2.0,
5896,3.0,
5897,4.0,
5898,5.0,
5899,6.0,
5900,7.0,
5901,,1.0
5902,,2.0
5903,,3.0
5904,,4.0
5905,,5.0
5906,,6.0
5907,,7.0
5908,,8.0
5909,,9.0
5910,1.0,
5911,2.0,
5912,3.0,
5913,,1.0
5914,,2.0
5915,,3.0
5916,,4.0
5917,,5.0
5918,1.0,
5919,2.0,
5920,3.0,
5921,4.0,
5922,5.0,
5923,6.0,
5924,7.0,
5925,8.0,
5926,9.0,
5927,10.0,
5928,11.0,
5929,12.0,
5930,13.0,
5931,,1.0
5932,,2.0
5933,,3.0
5934,,4.0
5935,,5.0
5936,,6.0
5937,,7.0
5938,1.0,
5939,,1.0
5940,,2.0
5941,,3.0
5942,,4.0
5943,,5.0
5944,,6.0
5945,1.0,
5946,,1.0
5947,,2.0
5948,1.0,
5949,,1.0
5950,,2.0
5951,,3.0
5952,,4.0
5953,,5.0
5954,1.0,
5955,2.0,
5956,,1.0
5957,,2.0
5958,,3.0
5959,,4.0
5960,,5.0
5961,,6.0
5962,1.0,
5963,2.0,
5964,3.0,
5965,4.0,
5966,5.0,
5967,6.0,
5968,7.0,
5969,8.0,
5970,9.0,
5971,10.0,
5972,,1.0
5973,,2.0
5974,,3.0
5975,1.0,
5976,,1.0
5977,,2.0
5978,1.0,
5979,,1.0
5980,1.0,
5981,,1.0
5982,,2.0
5983,,3.0
5984,,4.0
5985,1.0,
5986,,1.0
5987,,2.0
5988,,3.0
5989,,4.0
5990,,5.0
5991,,6.0
5992,,7.0
5993,,8.0
5994,,9.0
5995,,10.0
5996,,11.0
5997,,12.0
5998,,13.0
5999,,13.0
6000,1.0,
6001,2.0,
6002,3.0,
6003,4.0,
6004,5.0,
6005,6.0,
6006,7.0,
6007,,1.0
6008,,2.0
6009,,3.0
6010,1.0,
6011,,1.0
6012,1.0,
6013,2.0,
6014,,1.0
6015,,2.0
6016,,3.0
6017,1.0,
6018,,1.0
6019,,2.0
6020,,3.0
6021,,4.0
6022,1.0,
6023,2.0,
6024,3.0,
6025,4.0,
6026,5.0,
6027,,1.0
6028,1.0,
6029,,1.0
6030,1.0,
6031,2.0,
6032,,1.0
6033,,2.0
6034,,3.0
6035,,4.0
6036,1.0,
6037,2.0,
6038,3.0,
6039,4.0,
6040,5.0,
6041,6.0,
6042,7.0,
6043,8.0,
6044,,1.0
6045,,2.0
6046,,3.0
6047,,4.0
6048,,5.0
6049,1.0,
6050,,1.0
6051,,2.0
6052,,3.0
6053,,4.0
6054,,5.0
6055,,6.0
6056,,7.0
6057,1.0,
6058,2.0,
6059,3.0,
6060,4.0,
6061,5.0,
6062,6.0,
6063,,1.0
6064,,2.0
6065,,3.0
6066,,4.0
6067,,5.0
6068,,6.0
6069,,7.0
6070,1.0,
6071,,1.0
6072,1.0,
6073,,1.0
6074,,2.0
6075,,3.0
6076,,4.0
6077,,5.0
6078,,6.0
6079,,7.0
6080,,8.0
6081,,9.0
6082,,10.0
6083,,11.0
6084,,12.0
6085,,13.0
6086,,13.0
6087,,13.0
6088,1.0,
6089,2.0,
6090,3.0,
6091,4.0,
6092,,1.0
6093,,2.0
6094,1.0,
6095,2.0,
6096,3.0,
6097,4.0,
6098,,1.0
6099,,2.0
6100,,3.0
6101,,4.0
6102,,5.0
6103,,6.0
6104,,7.0
6105,1.0,
6106,2.0,
6107,3.0,
6108,4.0,
6109,,1.0
6110,,2.0
6111,,3.0
6112,,4.0
6113,,5.0
6114,,6.0
6115,,7.0
6116,,8.0
6117,,9.0
6118,1.0,
6119,,1.0
6120,,2.0
6121,,3.0
6122,,4.0
6123,,5.0
6124,1.0,
6125,2.0,
6126,3.0,
6127,4.0,
6128,,1.0
6129,,2.0
6130,,3.0
6131,,4.0
6132,,5.0
6133,,6.0
6134,,7.0
6135,1.0,
6136,2.0,
6137,3.0,
6138,4.0,
6139,5.0,
6140,,1.0
6141,,2.0
6142,,3.0
6143,,4.0
6144,,5.0
6145,,6.0
6146,,7.0
6147,1.0,
6148,2.0,
6149,3.0,
6150,4.0,
6151,5.0,
6152,6.0,
6153,7.0,
6154,8.0,
6155,9.0,
6156,10.0,
6157,,1.0
6158,1.0,
6159,2.0,
6160,,1.0
6161,1.0,
6162,,1.0
6163,,2.0
6164,1.0,
6165,,1.0
6166,,2.0
6167,,3.0
6168,,4.0
6169,,5.0
6170,,6.0
6171,,7.0
6172,,8.0
6173,1.0,
6174,2.0,
6175,3.0,
6176,4.0,
6177,,1.0
6178,1.0,
6179,2.0,
6180,3.0,
6181,4.0,
6182,5.0,
6183,6.0,
6184,,1.0
6185,,2.0
6186,,3.0
6187,,4.0
6188,,5.0
6189,,6.0
6190,,7.0
6191,,8.0
6192,,9.0
6193,,10.0
6194,,11.0
6195,,12.0
6196,,13.0
6197,,13.0
6198,1.0,
6199,2.0,
6200,3.0,
6201,4.0,
6202,5.0,
6203,6.0,
6204,7.0,
6205,,1.0
6206,1.0,
6207,,1.0
6208,,2.0
6209,,3.0
6210,1.0,
6211,2.0,
6212,3.0,
6213,,1.0
6214,,2.0
6215,1.0,
6216,,1.0
6217,1.0,
6218,2.0,
6219,,1.0
6220,1.0,
6221,2.0,
6222,3.0,
6223,4.0,
6224,,1.0
6225,,2.0
6226,,3.0
6227,,4.0
6228,,5.0
6229,,6.0
6230,,7.0
6231,,8.0
6232,,9.0
6233,,10.0
6234,1.0,
6235,,1.0
6236,1.0,
6237,2.0,
6238,3.0,
6239,4.0,
6240,,1.0
6241,,2.0
6242,,3.0
6243,,4.0
6244,1.0,
6245,2.0,
6246,3.0,
6247,4.0,
6248,5.0,
6249,,1.0
6250,,2.0
6251,,3.0
6252,,4.0
6253,1.0,
6254,2.0,
6255,,1.0
6256,,2.0
6257,,3.0
6258,,4.0
6259,,5.0
6260,,6.0
6261,,7.0
6262,1.0,
6263,2.0,
6264,3.0,
6265,4.0,
6266,5.0,
6267,6.0,
6268,7.0,
6269,,1.0
6270,,2.0
6271,,3.0
6272,,4.0
6273,,5.0
6274,,6.0
6275,1.0,
6276,2.0,
6277,3.0,
6278,4.0,
6279,5.0,
6280,6.0,
6281,7.0,
6282,8.0,
6283,,1.0
6284,1.0,
6285,2.0,
6286,3.0,
6287,4.0,
6288,5.0,
6289,,1.0
6290,,2.0
6291,,3.0
6292,,4.0
6293,,5.0
6294,1.0,
6295,2.0,
6296,3.0,
6297,4.0,
6298,5.0,
6299,6.0,
6300,7.0,
6301,8.0,
6302,9.0,
6303,10.0,
6304,11.0,
6305,12.0,
6306,13.0,
6307,,1.0
6308,,2.0
6309,,3.0
6310,1.0,
6311,2.0,
6312,3.0,
6313,4.0,
6314,,1.0
6315,,2.0
6316,1.0,
6317,2.0,
6318,3.0,
6319,4.0,
6320,5.0,
6321,,1.0
6322,,2.0
6323,1.0,
6324,2.0,
6325,3.0,
6326,4.0,
6327,5.0,
6328,6.0,
6329,7.0,
6330,8.0,
6331,,1.0
6332,,2.0
6333,,3.0
6334,1.0,
6335,2.0,
6336,3.0,
6337,,1.0
6338,1.0,
6339,2.0,
6340,3.0,
6341,4.0,
6342,5.0,
6343,6.0,
6344,7.0,
6345,,1.0
6346,,2.0
6347,,3.0
6348,,4.0
6349,1.0,
6350,2.0,
6351,3.0,
6352,4.0,
6353,5.0,
6354,6.0,
6355,7.0,
6356,8.0,
6357,,1.0
6358,,2.0
6359,1.0,
6360,2.0,
6361,3.0,
6362,4.0,
6363,5.0,
6364,6.0,
6365,7.0,
6366,,1.0
6367,,2.0
6368,,3.0
6369,,4.0
6370,1.0,
6371,2.0,
6372,,1.0
6373,,2.0
6374,,3.0
6375,,4.0
6376,,5.0
6377,,6.0
6378,,7.0
6379,,8.0
6380,1.0,
6381,,1.0
6382,1.0,
6383,,1.0
6384,,2.0
6385,,3.0
6386,,4.0
6387,,5.0
6388,,6.0
6389,,7.0
6390,,8.0
6391,,9.0
6392,1.0,
6393,,1.0
6394,1.0,
6395,2.0,
6396,3.0,
6397,4.0,
6398,5.0,
6399,,1.0
6400,,2.0
6401,,3.0
6402,,4.0
6403,1.0,
6404,2.0,
6405,3.0,
6406,,1.0
6407,,2.0
6408,,3.0
6409,,4.0
6410,1.0,
6411,2.0,
6412,3.0,
6413,4.0,
6414,5.0,
6415,6.0,
6416,,1.0
6417,1.0,
6418,2.0,
6419,3.0,
6420,4.0,
6421,,1.0
6422,1.0,
6423,2.0,
6424,3.0,
6425,4.0,
6426,,1.0
6427,,2.0
6428,,3.0
6429,,4.0
6430,1.0,
6431,2.0,
6432,3.0,
6433,4.0,
6434,,1.0
6435,,2.0
6436,,3.0
6437,,4.0
6438,1.0,
6439,2.0,
6440,3.0,
6441,4.0,
6442,5.0,
6443,6.0,
6444,,1.0
6445,1.0,
6446,,1.0
6447,,2.0
6448,1.0,
6449,2.0,
6450,3.0,
6451,4.0,
6452,,1.0
6453,,2.0
6454,,3.0
6455,,4.0
6456,,5.0
6457,,6.0
6458,,7.0
6459,,8.0
6460,,9.0
6461,,10.0
6462,,11.0
6463,,12.0
6464,,13.0
6465,,13.0
6466,,13.0
6467,,13.0
6468,,13.0
6469,,13.0
6470,,13.0
6471,1.0,
6472,,1.0
6473,1.0,
6474,,1.0
6475,,2.0
6476,1.0,
6477,,1.0
6478,1.0,
6479,2.0,
6480,3.0,
6481,4.0,
6482,5.0,
6483,6.0,
6484,7.0,
6485,8.0,
6486,9.0,
6487,10.0,
6488,11.0,
6489,,1.0
6490,1.0,
6491,2.0,
6492,,1.0
6493,,2.0
6494,,3.0
6495,1.0,
6496,2.0,
6497,,1.0
6498,,2.0
6499,,3.0
6500,,4.0
6501,1.0,
6502,,1.0
6503,,2.0
6504,1.0,
6505,2.0,
6506,3.0,
6507,4.0,
6508,5.0,
6509,6.0,
6510,7.0,
6511,8.0,
6512,9.0,
6513,10.0,
6514,,1.0
6515,,2.0
6516,,3.0
6517,,4.0
6518,,5.0
6519,,6.0
6520,,7.0
6521,,8.0
6522,,9.0
6523,,10.0
6524,,11.0
6525,1.0,
6526,,1.0
6527,,2.0
6528,1.0,
6529,,1.0
6530,1.0,
6531,2.0,
6532,,1.0
6533,,2.0
6534,,3.0
6535,,4.0
6536,,5.0
6537,,6.0
6538,,7.0
6539,,8.0
6540,,9.0
6541,,10.0
6542,1.0,
6543,,1.0
6544,,2.0
6545,,3.0
6546,,4.0
6547,,5.0
6548,,6.0
6549,1.0,
6550,2.0,
6551,3.0,
6552,,1.0
6553,,2.0
6554,,3.0
6555,,4.0
6556,,5.0
6557,,6.0
6558,,7.0
6559,,8.0
6560,1.0,
6561,2.0,
6562,3.0,
6563,,1.0
6564,,2.0
6565,,3.0
6566,,4.0
6567,1.0,
6568,,1.0
6569,,2.0
6570,,3.0
6571,,4.0
6572,,5.0
6573,,6.0
6574,,7.0
6575,,8.0
6576,,9.0
6577,,10.0
6578,,11.0
6579,,12.0
6580,,13.0
6581,,13.0
6582,1.0,
6583,2.0,
6584,3.0,
6585,4.0,
6586,5.0,
6587,,1.0
6588,,2.0
6589,,3.0
6590,,4.0
6591,1.0,
6592,2.0,
6593,3.0,
6594,4.0,
6595,5.0,
6596,6.0,
6597,7.0,
6598,,1.0
6599,,2.0
6600,,3.0
6601,,4.0
6602,1.0,
6603,2.0,
6604,3.0,
6605,4.0,
6606,5.0,
6607,6.0,
6608,7.0,
6609,8.0,
6610,,1.0
6611,,2.0
6612,,3.0
6613,,4.0
6614,,5.0
6615,1.0,
6616,2.0,
6617,3.0,
6618,4.0,
6619,5.0,
6620,6.0,
6621,7.0,
6622,,1.0
6623,,2.0
6624,,3.0
6625,1.0,
6626,2.0,
6627,3.0,
6628,4.0,
6629,,1.0
6630,,2.0
6631,,3.0
6632,,4.0
6633,,5.0
6634,,6.0
6635,,7.0
6636,,8.0
6637,,9.0
6638,,10.0
6639,1.0,
6640,2.0,
6641,3.0,
6642,4.0,
6643,5.0,
6644,6.0,
6645,,1.0
6646,1.0,
6647,2.0,
6648,3.0,
6649,4.0,
6650,5.0,
6651,6.0,
6652,7.0,
6653,8.0,
6654,9.0,
6655,,1.0
6656,,2.0
6657,,3.0
6658,,4.0
6659,,5.0
6660,,6.0
6661,1.0,
6662,,1.0
6663,1.0,
6664,2.0,
6665,,1.0
6666,1.0,
6667,,1.0
6668,,2.0
6669,,3.0
6670,,4.0
6671,,5.0
6672,1.0,
6673,,1.0
6674,,2.0
6675,,3.0
6676,,4.0
6677,,5.0
6678,,6.0
6679,,7.0
6680,,8.0
6681,,9.0
6682,1.0,
6683,,1.0
6684,,2.0
6685,,3.0
6686,,4.0
6687,,5.0
6688,,6.0
6689,1.0,
6690,2.0,
6691,,1.0
6692,,2.0
6693,,3.0
6694,,4.0
6695,1.0,
6696,2.0,
6697,3.0,
6698,4.0,
6699,5.0,
6700,6.0,
6701,7.0,
6702,8.0,
6703,9.0,
6704,10.0,
6705,11.0,
6706,,1.0
6707,,2.0
6708,1.0,
6709,2.0,
6710,3.0,
6711,4.0,
6712,5.0,
6713,6.0,
6714,7.0,
6715,8.0,
6716,,1.0
6717,1.0,
6718,,1.0
6719,,2.0
6720,,3.0
6721,,4.0
6722,,5.0
6723,1.0,
6724,,1.0
6725,,2.0
6726,,3.0
6727,,4.0
6728,,5.0
6729,1.0,
6730,,1.0
6731,,2.0
6732,,3.0
6733,,4.0
6734,,5.0
6735,1.0,
6736,2.0,
6737,3.0,
6738,4.0,
6739,5.0,
6740,6.0,
6741,,1.0
6742,,2.0
6743,,3.0
6744,,4.0
6745,,5.0
6746,,6.0
6747,1.0,
6748,,1.0
6749,1.0,
6750,2.0,
6751,,1.0
6752,1.0,
6753,2.0,
6754,3.0,
6755,4.0,
6756,5.0,
6757,6.0,
6758,,1.0
6759,1.0,
6760,2.0,
6761,3.0,
6762,4.0,
6763,5.0,
6764,6.0,
6765,,1.0
6766,1.0,
6767,2.0,
6768,3.0,
6769,4.0,
6770,5.0,
6771,6.0,
6772,7.0,
6773,8.0,
6774,9.0,
6775,,1.0
6776,,2.0
6777,,3.0
6778,,4.0
6779,,5.0
6780,,6.0
6781,1.0,
6782,2.0,
6783,,1.0
6784,,2.0
6785,,3.0
6786,1.0,
6787,2.0,
6788,3.0,
6789,4.0,
6790,5.0,
6791,,1.0
6792,,2.0
6793,,3.0
6794,,4.0
6795,1.0,
6796,,1.0
6797,,2.0
6798,,3.0
6799,,4.0
6800,1.0,
6801,2.0,
6802,3.0,
6803,,1.0
6804,,2.0
6805,,3.0
6806,1.0,
6807,,1.0
6808,1.0,
6809,,1.0
6810,1.0,
6811,2.0,
6812,3.0,
6813,4.0,
6814,5.0,
6815,6.0,
6816,7.0,
6817,8.0,
6818,9.0,
6819,,1.0
6820,1.0,
6821,2.0,
6822,3.0,
6823,4.0,
6824,5.0,
6825,6.0,
6826,7.0,
6827,,1.0
6828,,2.0
6829,,3.0
6830,,4.0
6831,,5.0
6832,,6.0
6833,,7.0
6834,1.0,
6835,,1.0
6836,,2.0
6837,,3.0
6838,,4.0
6839,1.0,
6840,2.0,
6841,3.0,
6842,4.0,
6843,5.0,
6844,6.0,
6845,,1.0
6846,,2.0
6847,1.0,
6848,2.0,
6849,3.0,
6850,4.0,
6851,5.0,
6852,6.0,
6853,7.0,
6854,8.0,
6855,9.0,
6856,10.0,
6857,11.0,
6858,12.0,
6859,13.0,
6860,13.0,
6861,,1.0
6862,,2.0
6863,,3.0
6864,,4.0
6865,,5.0
6866,,6.0
6867,1.0,
6868,2.0,
6869,3.0,
6870,4.0,
6871,,1.0
6872,,2.0
6873,,3.0
6874,,4.0
6875,1.0,
6876,2.0,
6877,3.0,
6878,4.0,
6879,5.0,
6880,6.0,
6881,7.0,
6882,8.0,
6883,,1.0
6884,1.0,
6885,,1.0
6886,1.0,
6887,2.0,
6888,,1.0
6889,1.0,
6890,,1.0
6891,,2.0
6892,,3.0
6893,,4.0
6894,,5.0
6895,,6.0
6896,,7.0
6897,,8.0
6898,,9.0
6899,,10.0
6900,,11.0
6901,,12.0
6902,,13.0
6903,,13.0
6904,,13.0
6905,,13.0
6906,,13.0
6907,,13.0
6908,,13.0
6909,,13.0
6910,,13.0
6911,,13.0
6912,,13.0
6913,1.0,
6914,,1.0
6915,1.0,
6916,2.0,
6917,3.0,
6918,4.0,
6919,5.0,
6920,6.0,
6921,,1.0
6922,,2.0
6923,,3.0
6924,,4.0
6925,,5.0
6926,,6.0
6927,,7.0
6928,,8.0
6929,,9.0
6930,,10.0
6931,1.0,
6932,2.0,
6933,3.0,
6934,,1.0
6935,,2.0
6936,,3.0
6937,,4.0
6938,1.0,
6939,2.0,
6940,3.0,
6941,4.0,
6942,5.0,
6943,,1.0
6944,,2.0
6945,,3.0
6946,1.0,
6947,2.0,
6948,3.0,
6949,4.0,
6950,,1.0
6951,,2.0
6952,,3.0
6953,,4.0
6954,,5.0
6955,1.0,
6956,2.0,
6957,,1.0
6958,,2.0
6959,,3.0
6960,,4.0
6961,1.0,
6962,2.0,
6963,,1.0
6964,,2.0
6965,1.0,
6966,2.0,
6967,3.0,
6968,,1.0
6969,,2.0
6970,,3.0
6971,,4.0
6972,,5.0
6973,1.0,
6974,2.0,
6975,3.0,
6976,,1.0
6977,,2.0
6978,,3.0
6979,,4.0
6980,1.0,
6981,2.0,
6982,3.0,
6983,4.0,
6984,,1.0
6985,1.0,
6986,2.0,
6987,3.0,
6988,4.0,
6989,5.0,
6990,6.0,
6991,7.0,
6992,8.0,
6993,,1.0
6994,,2.0
6995,,3.0
6996,,4.0
6997,,5.0
6998,,6.0
6999,1.0,
7000,2.0,
7001,,1.0
7002,,2.0
7003,,3.0
7004,,4.0
7005,1.0,
7006,2.0,
7007,3.0,
7008,4.0,
7009,5.0,
7010,,1.0
7011,,2.0
7012,1.0,
7013,,1.0
7014,1.0,
7015,2.0,
7016,3.0,
7017,4.0,
7018,,1.0
7019,,2.0
7020,,3.0
7021,,4.0
7022,1.0,
7023,2.0,
7024,3.0,
7025,4.0,
7026,5.0,
7027,6.0,
7028,7.0,
7029,8.0,
7030,,1.0
7031,1.0,
7032,,1.0
7033,1.0,
7034,2.0,
7035,3.0,
7036,,1.0
7037,,2.0
7038,,3.0
7039,,4.0
7040,,5.0
7041,,6.0
7042,,7.0
7043,1.0,
7044,2.0,
7045,3.0,
7046,,1.0
7047,1.0,
7048,2.0,
7049,3.0,
7050,4.0,
7051,5.0,
7052,,1.0
7053,,2.0
7054,1.0,
7055,2.0,
7056,3.0,
7057,4.0,
7058,5.0,
7059,6.0,
7060,7.0,
7061,8.0,
7062,9.0,
7063,10.0,
7064,,1.0
7065,,2.0
7066,,3.0
7067,,4.0
7068,,5.0
7069,1.0,
7070,2.0,
7071,,1.0
7072,,2.0
7073,,3.0
7074,,4.0
7075,,5.0
7076,1.0,
7077,2.0,
7078,,1.0
7079,,2.0
7080,,3.0
7081,,4.0
7082,,5.0
7083,,6.0
7084,,7.0
7085,1.0,
7086,2.0,
7087,3.0,
7088,4.0,
7089,5.0,
7090,6.0,
7091,7.0,
7092,8.0,
7093,9.0,
7094,10.0,
7095,,1.0
7096,1.0,
7097,,1.0
7098,1.0,
7099,2.0,
7100,3.0,
7101,4.0,
7102,5.0,
7103,,1.0
7104,1.0,
7105,2.0,
7106,,1.0
7107,1.0,
7108,2.0,
7109,3.0,
7110,4.0,
7111,5.0,
7112,,1.0
7113,,2.0
7114,,3.0
7115,,4.0
7116,1.0,
7117,2.0,
7118,3.0,
7119,4.0,
7120,5.0,
7121,6.0,
7122,7.0,
7123,8.0,
7124,9.0,
7125,10.0,
7126,11.0,
7127,,1.0
7128,,2.0
7129,,3.0
7130,,4.0
7131,,5.0
7132,,6.0
7133,,7.0
7134,,8.0
7135,,9.0
7136,,10.0
7137,,11.0
7138,,12.0
7139,,13.0
7140,1.0,
7141,2.0,
7142,3.0,
7143,4.0,
7144,5.0,
7145,6.0,
7146,7.0,
7147,,1.0
7148,,2.0
7149,,3.0
7150,,4.0
7151,,5.0
7152,1.0,
7153,2.0,
